y,temp,arron
1.1093690773098537,-5,Aalst
1.0987901145818268,-4.5,Aalst
1.088987462676604,-4,Aalst
1.0799420826867503,-3.5,Aalst
1.071636503655598,-3,Aalst
1.064054766353126,-2.5,Aalst
1.0571823721751297,-2,Aalst
1.0510062369366524,-1.5,Aalst
1.0455146493535215,-1,Aalst
1.0406972340275444,-0.5,Aalst
1.0365449187715685,0,Aalst
1.0330499061303184,0.5,Aalst
1.0302056489718325,1,Aalst
1.0279854013659886,1.5,Aalst
1.025960013589964,2,Aalst
1.0239630456418585,2.5,Aalst
1.0219943470089354,3,Aalst
1.020053769491041,3.5,Aalst
1.0181411671820284,4,Aalst
1.0162563964514904,4.5,Aalst
1.0143993159267983,5,Aalst
1.0125697864754433,5.5,Aalst
1.010767671187677,6,Aalst
1.0089928353594486,6.5,Aalst
1.0072451464756356,7,Aalst
1.005524474193564,7.5,Aalst
1.0038306903268193,8,Aalst
1.0022340430518817,8.5,Aalst
1.0008307047504568,9,Aalst
0.9996204596107425,9.5,Aalst
0.9986026115284273,10,Aalst
0.9977765754952895,10.5,Aalst
0.9971418770387734,11,Aalst
0.996698151767735,11.5,Aalst
0.9964451450237475,12,Aalst
0.9963827116375007,12.5,Aalst
0.996510815789968,13,Aalst
0.9968295309781539,13.5,Aalst
0.9973390400853773,14,Aalst
0.9980269999188628,14.5,Aalst
0.9986715720145308,15,Aalst
0.999191329863694,15.5,Aalst
0.9995860782048313,16,Aalst
0.9998556686944514,16.5,Aalst
1,17,Aalst
1.0000190178633368,17.5,Aalst
0.9999127151347306,18,Aalst
0.9996811317773379,18.5,Aalst
0.9993243548421653,19,Aalst
0.9988425184135347,19.5,Aalst
0.998532323678023,20,Aalst
1.0031094917300123,20.5,Aalst
1.014294517829275,21,Aalst
1.0323081188982264,21.5,Aalst
1.0575091514043997,22,Aalst
1.0904065514402244,22.5,Aalst
1.1316764973440543,23,Aalst
1.1821856066900023,23.5,Aalst
1.2430212834031884,24,Aalst
1.3155307037907453,24.5,Aalst
0.9134489010268204,-7,Antwerpen
0.9283631557215927,-6.5,Antwerpen
0.942362136963317,-6,Antwerpen
0.9553973982193488,-5.5,Antwerpen
0.9674233688514012,-5,Antwerpen
0.9783976192252182,-4.5,Antwerpen
0.988281109915253,-4,Antwerpen
0.9970384229577104,-3.5,Antwerpen
1.004637973235943,-3,Antwerpen
1.011052198233224,-2.5,Antwerpen
1.0162577245578783,-2,Antwerpen
1.0202355098329494,-1.5,Antwerpen
1.0229709587450526,-1,Antwerpen
1.0244540122627237,-0.5,Antwerpen
1.0246792092610497,0,Antwerpen
1.023645720024257,0.5,Antwerpen
1.0213573513386343,1,Antwerpen
1.0178699835693545,1.5,Antwerpen
1.014135350714985,2,Antwerpen
1.0105210880977962,2.5,Antwerpen
1.0070260049894928,3,Antwerpen
1.0036489525216035,3.5,Antwerpen
1.000388823056385,4,Antwerpen
0.9972445495815987,4.5,Antwerpen
0.9942151051286919,5,Antwerpen
0.9912995022139452,5.5,Antwerpen
0.9884967923021547,6,Antwerpen
0.985806065292446,6.5,Antwerpen
0.9832264490258267,7,Antwerpen
0.9807571088141072,7.5,Antwerpen
0.9783972469898301,8,Antwerpen
0.9762815351650932,8.5,Antwerpen
0.9745943045601864,9,Antwerpen
0.9733344817332145,9.5,Antwerpen
0.9725004155496269,10,Antwerpen
0.9720910136580321,10.5,Antwerpen
0.9721057401054857,11,Antwerpen
0.9725446141679485,11.5,Antwerpen
0.9734082103923446,12,Antwerpen
0.9746976598503468,12.5,Antwerpen
0.9764146526077188,13,Antwerpen
0.9785614414167646,13.5,Antwerpen
0.9811408466431812,14,Antwerpen
0.9841395745013052,14.5,Antwerpen
0.9872672021324181,15,Antwerpen
0.99041691006489,15.5,Antwerpen
0.9935888460849621,16,Antwerpen
0.9967831592700103,16.5,Antwerpen
1,17,Antwerpen
1.0032395199690607,17.5,Antwerpen
1.0065018721971764,18,Antwerpen
1.0097872110419956,18.5,Antwerpen
1.0130956922107635,19,Antwerpen
1.016427472772373,19.5,Antwerpen
1.0199701057753494,20,Antwerpen
1.0267145882401303,20.5,Antwerpen
1.0377710154118633,21,Antwerpen
1.053277617340708,21.5,Antwerpen
1.0734299000551446,22,Antwerpen
1.0984847590185078,22.5,Antwerpen
1.1287659431529744,23,Antwerpen
1.1646710323142302,23.5,Antwerpen
1.2066801389116564,24,Antwerpen
1.2553666003670951,24.5,Antwerpen
0.960656969436255,-8,Arlon
0.9594716904711231,-7,Arlon
0.9596082609947371,-6,Arlon
0.9610672455352817,-5,Arlon
0.9638546782966384,-4,Arlon
0.9679821047721975,-3,Arlon
0.9734666614834293,-2,Arlon
0.9803311946145672,-1,Arlon
0.9886044186937393,0,Arlon
0.9983211168642241,1,Arlon
1.008380004375098,2,Arlon
1.014569581723822,3,Arlon
1.0164280182592107,4,Arlon
1.0139314571901532,5,Arlon
1.0071119402180595,6,Arlon
0.9960567231244218,7,Arlon
0.9809064176946058,8,Arlon
0.9658739028473833,9,Arlon
0.9556434763208562,10,Arlon
0.9500740533126621,11,Arlon
0.9490849930530402,12,Arlon
0.9526620076188481,13,Arlon
0.9608568173768325,14,Arlon
0.9729512076508988,15,Arlon
0.986076066241107,16,Arlon
1,17,Arlon
1.0147517475109593,18,Arlon
1.0303620192304594,19,Arlon
1.0468034789608356,20,Arlon
1.0606854839290276,21,Arlon
1.0699105941159266,22,Arlon
1.0743548405988255,23,Arlon
1.073958244926668,24,Arlon
1.0687261661867506,25,Arlon
1.0587291804928307,26,Arlon
1.0441014966829545,27,Arlon
1.0250379579428632,28,Arlon
1.1325238115849685,-6,Ath
1.1340461635965644,-5.5,Ath
1.1343554441315482,-5,Ath
1.1334506603755254,-4.5,Ath
1.131334716245947,-4,Ath
1.1280143968640355,-3.5,Ath
1.1235003323050534,-3,Ath
1.1178069408979459,-2.5,Ath
1.1109523524976204,-2,Ath
1.1029583123012885,-1.5,Ath
1.0938500659229864,-1,Ath
1.0836562265762786,-0.5,Ath
1.0724086253429461,0,Ath
1.0601421456240085,0.5,Ath
1.0468945429776693,1,Ath
1.0327978874192183,1.5,Ath
1.019687753313997,2,Ath
1.0082237820351025,2.5,Ath
0.9983539555832182,3,Ath
0.9900337963879785,3.5,Ath
0.9832260331450129,4,Ath
0.9779003224348275,4.5,Ath
0.9740330232114177,5,Ath
0.9716070218131655,5.5,Ath
0.9706116056818005,6,Ath
0.9710423844842385,6.5,Ath
0.9729012578237904,7,Ath
0.9761964292081227,7.5,Ath
0.9809424664178309,8,Ath
0.9862707919406466,8.5,Ath
0.9909613913013758,9,Ath
0.994997374697202,9.5,Ath
0.998370576989034,10,Ath
1.0010741568234809,10.5,Ath
1.0031026197528075,11,Ath
1.0044518368411184,11.5,Ath
1.0051190586685819,12,Ath
1.0051029246672083,12.5,Ath
1.004403467743815,13,Ath
1.00302211416819,13.5,Ath
1.0009616787269895,14,Ath
0.9982997724221914,14.5,Ath
0.996328016101223,15,Ath
0.99551298834294,15.5,Ath
0.9958518538378186,16,Ath
0.9973457912394693,16.5,Ath
1,17,Ath
1.0038237305416862,17.5,Ath
1.008830338010158,18,Ath
1.0150373600465676,18.5,Ath
1.0224666192130352,19,Ath
1.03114435090916,19.5,Ath
1.0409049453374515,20,Ath
1.0486337645341723,20.5,Ath
1.0531924126470988,21,Ath
1.0545391926541197,21.5,Ath
1.0526617627623014,22,Ath
1.0475773247147604,22.5,Ath
1.0393323613763226,23,Ath
1.0280019291966978,23.5,Ath
1.0136885206134507,24,Ath
0.9965205205087891,24.5,Ath
0.9766502892293889,25,Ath
0.8487442077972188,-5,Audenarde
0.8830142788432709,-4.5,Audenarde
0.9150314570213615,-4,Audenarde
0.9444559735682709,-3.5,Audenarde
0.9709677519839774,-3,Audenarde
0.9942721844820449,-2.5,Audenarde
1.0141055712912979,-2,Audenarde
1.0302400826728575,-1.5,Audenarde
1.0424881132337795,-1,Audenarde
1.0507059122325713,-0.5,Audenarde
1.0547963916729783,0,Audenarde
1.0547110354940006,0.5,Audenarde
1.050450857364985,1,Audenarde
1.0422259085230232,1.5,Audenarde
1.0332684649485262,2,Audenarde
1.024812687091927,2.5,Audenarde
1.0168474872208342,3,Audenarde
1.0093624737900706,3.5,Audenarde
1.0023479288631068,4,Audenarde
0.995794787095609,4.5,Audenarde
0.9896946162175042,5,Audenarde
0.9840395989547539,5.5,Audenarde
0.97882251633659,6,Audenarde
0.9740367323383203,6.5,Audenarde
0.9696761798139698,7,Audenarde
0.9657353476770116,7.5,Audenarde
0.9622092692912675,8,Audenarde
0.95919646659623,8.5,Audenarde
0.956833402131677,9,Audenarde
0.955116175418197,9.5,Audenarde
0.9540413264943175,10,Audenarde
0.953606691803061,10.5,Audenarde
0.9538113969319716,11,Audenarde
0.9546558536805059,11.5,Audenarde
0.956141761441017,12,Audenarde
0.9582721128998171,12.5,Audenarde
0.9610512040850969,13,Audenarde
0.9644846488089489,13.5,Audenarde
0.9685793975714727,14,Audenarde
0.9733226389414039,14.5,Audenarde
0.978350565201176,15,Audenarde
0.9835300994758227,15.5,Audenarde
0.9888633713294561,16,Audenarde
0.9943525808182379,16.5,Audenarde
1,17,Audenarde
1.0058079744982729,17.5,Audenarde
1.01177892512222,18,Audenarde
1.0179153495440467,18.5,Audenarde
1.0242198240355032,19,Audenarde
1.0306950052651696,19.5,Audenarde
1.0373750659044243,20,Audenarde
1.0447656355640016,20.5,Audenarde
1.053056495517636,21,Audenarde
1.0622682010160795,21.5,Audenarde
1.07242371366995,22,Audenarde
1.0835484968330429,22.5,Audenarde
1.0956706219852912,23,Audenarde
1.10882088673746,23.5,Audenarde
1.1230329451517913,24,Audenarde
1.1383434511501487,24.5,Audenarde
1.1547922158644468,25,Audenarde
0.9899813638743334,-9,Bastogne
1.0308696022383363,-8,Bastogne
1.0676739069626293,-7,Bastogne
1.099845559492431,-6,Bastogne
1.1268937327342659,-5,Bastogne
1.1483979340134158,-4,Bastogne
1.1640188750824565,-3,Bastogne
1.1735073766962802,-2,Bastogne
1.176710981214866,-1,Bastogne
1.173578028006488,0,Bastogne
1.1641590394067518,1,Bastogne
1.149954147956512,2,Bastogne
1.1360175321781991,3,Bastogne
1.1227896187519932,4,Bastogne
1.1102495043403513,5,Bastogne
1.0983775109256764,6,Bastogne
1.0871551344698203,7,Bastogne
1.0765649969434128,8,Bastogne
1.0665776068960358,9,Bastogne
1.05716265994552,10,Bastogne
1.0483065660767472,11,Bastogne
1.039996635496566,12,Bastogne
1.0322210227847894,13,Bastogne
1.0249686987701674,14,Bastogne
1.0178552310548754,15,Bastogne
1.0095607144961225,16,Bastogne
1,17,Bastogne
0.9892104280776821,18,Bastogne
0.9772338462182766,19,Bastogne
0.9644570934800742,20,Bastogne
0.9699520196349553,21,Bastogne
1.0054586247071196,22,Bastogne
1.074298001971777,23,Bastogne
1.1831285769772393,24,Bastogne
1.3430300583548191,25,Bastogne
1.5713977726037394,26,Bastogne
1.0649879954173487,-4.5,Brugge
1.0585506661540511,-4,Brugge
1.0523828028144844,-3.5,Brugge
1.0464801400788193,-3,Brugge
1.0408386108591932,-2.5,Brugge
1.035454341632745,-2,Brugge
1.0303236480118336,-1.5,Brugge
1.025443030544349,-1,Brugge
1.0208091707374234,-0.5,Brugge
1.016418927298213,0,Brugge
1.0122693325857948,0.5,Brugge
1.0083575892685688,1,Brugge
1.0046757956440735,1.5,Brugge
1.0011171329454362,2,Brugge
0.9976398488412006,2.5,Brugge
0.9942431820490829,3,Brugge
0.9909263905498347,3.5,Brugge
0.9876887513173793,4,Brugge
0.9845295600563949,4.5,Brugge
0.9814481309472091,5,Brugge
0.978443796397877,5.5,Brugge
0.9755159068033179,6,Brugge
0.9726638303113873,6.5,Brugge
0.9698869525957681,7,Brugge
0.967184676635566,7.5,Brugge
0.9645564225014982,8,Brugge
0.9622185581220367,8.5,Brugge
0.9604667267691971,9,Brugge
0.9592995617861144,9.5,Brugge
0.9587149377366458,10,Brugge
0.9587117906535262,10.5,Brugge
0.9592901148104956,11,Brugge
0.9604509627049305,11.5,Brugge
0.9621964482509047,12,Brugge
0.9645297531962459,12.5,Brugge
0.9674551367908639,13,Brugge
0.9709779487474901,13.5,Brugge
0.9751046455500527,14,Brugge
0.9798063884648844,14.5,Brugge
0.9844480634758359,15,Brugge
0.9887922491150629,15.5,Brugge
0.9928348201214751,16,Brugge
0.9965719265738109,16.5,Brugge
1,17,Brugge
1.0031157590551427,17.5,Brugge
1.0059162147554637,18,Brugge
1.0083986752565524,18.5,Brugge
1.0105607501652,19,Brugge
1.0124003543751612,19.5,Brugge
1.0142116712721676,20,Brugge
1.0207102316714076,20.5,Brugge
1.0336417228556751,21,Brugge
1.0532495765577585,21.5,Brugge
1.0799067456231173,22,Brugge
1.1141275503042347,22.5,Brugge
0.9539743722595869,-7,Bruxelles-Capitale
0.9626892455384766,-6.5,Bruxelles-Capitale
0.9706613319860902,-6,Bruxelles-Capitale
0.9778709272701475,-5.5,Bruxelles-Capitale
0.9843001162239572,-5,Bruxelles-Capitale
0.9899328470073975,-4.5,Bruxelles-Capitale
0.9947549978752331,-4,Bruxelles-Capitale
0.9987544361641103,-3.5,Bruxelles-Capitale
1.0019210691533986,-3,Bruxelles-Capitale
1.0042468865014822,-2.5,Bruxelles-Capitale
1.0057259940077687,-2,Bruxelles-Capitale
1.006354638501256,-1.5,Bruxelles-Capitale
1.0061312237085662,-1,Bruxelles-Capitale
1.0050563170075497,-0.5,Bruxelles-Capitale
1.0031326470264692,0,Bruxelles-Capitale
1.000365092102979,0.5,Bruxelles-Capitale
0.9967606596712243,1,Bruxelles-Capitale
0.9923747729179052,1.5,Bruxelles-Capitale
0.9881340799190581,2,Bruxelles-Capitale
0.9843926141384282,2.5,Bruxelles-Capitale
0.9811448332848511,3,Bruxelles-Capitale
0.9783859376457148,3.5,Bruxelles-Capitale
0.9761118582632338,4,Bruxelles-Capitale
0.9743192469310875,4.5,Bruxelles-Capitale
0.9730054679769866,5,Bruxelles-Capitale
0.972168591802926,5.5,Bruxelles-Capitale
0.9718073901609585,6,Bruxelles-Capitale
0.971921333148292,6.5,Bruxelles-Capitale
0.9725105879114171,7,Bruxelles-Capitale
0.9735760190548276,7.5,Bruxelles-Capitale
0.9751191907557336,8,Bruxelles-Capitale
0.9768753578355174,8.5,Bruxelles-Capitale
0.9784779008198048,9,Bruxelles-Capitale
0.9799238043733646,9.5,Bruxelles-Capitale
0.981212366748796,10,Bruxelles-Capitale
0.9823429619775351,10.5,Bruxelles-Capitale
0.9833150403766386,11,Bruxelles-Capitale
0.9841281289941746,11.5,Bruxelles-Capitale
0.9847818319927155,12,Bruxelles-Capitale
0.9852758309704979,12.5,Bruxelles-Capitale
0.9856098852198832,13,Bruxelles-Capitale
0.9857838319228278,13.5,Bruxelles-Capitale
0.9857975862831376,14,Bruxelles-Capitale
0.9857009596014126,14.5,Bruxelles-Capitale
0.9863696418759562,15,Bruxelles-Capitale
0.9881262535881022,15.5,Bruxelles-Capitale
0.9909766063773148,16,Bruxelles-Capitale
0.9949301450982095,16.5,Bruxelles-Capitale
1,17,Bruxelles-Capitale
1.0062030594316103,17.5,Bruxelles-Capitale
1.0135600636362758,18,Bruxelles-Capitale
1.0220957203651693,18.5,Bruxelles-Capitale
1.0318388432125989,19,Bruxelles-Capitale
1.0428225137574074,19.5,Bruxelles-Capitale
1.0550601412925205,20,Bruxelles-Capitale
1.0682053474065927,20.5,Bruxelles-Capitale
1.0821524488845626,21,Bruxelles-Capitale
1.0969284813524858,21.5,Bruxelles-Capitale
1.1125623186727986,22,Bruxelles-Capitale
1.1290847666682977,22.5,Bruxelles-Capitale
1.146528663894782,23,Bruxelles-Capitale
1.16492898992226,23.5,Bruxelles-Capitale
1.1843229816225598,24,Bruxelles-Capitale
1.2047502580020726,24.5,Bruxelles-Capitale
0.8973501149544671,-8,Charleroi
0.912262932422328,-7.5,Charleroi
0.9263975470756076,-7,Charleroi
0.9397103840951326,-6.5,Charleroi
0.9521599657000263,-6,Charleroi
0.9637071260883671,-5.5,Charleroi
0.974315216473482,-5,Charleroi
0.9839502987155961,-4.5,Charleroi
0.9925813261183515,-4,Charleroi
1.0001803100430529,-3.5,Charleroi
1.006722471089753,-3,Charleroi
1.0121863737025958,-2.5,Charleroi
1.016554043176245,-2,Charleroi
1.0198110641696352,-1.5,Charleroi
1.0219466599714464,-1,Charleroi
1.0229537519073395,-0.5,Charleroi
1.0228289984306407,0,Charleroi
1.021572813594368,0.5,Charleroi
1.0191893647616939,1,Charleroi
1.0157377777937269,1.5,Charleroi
1.012243134246822,2,Charleroi
1.0091000119989282,2.5,Charleroi
1.0063052071904681,3,Charleroi
1.0038558765449412,3.5,Charleroi
1.0017495325475079,4,Charleroi
0.9999840392340804,4.5,Charleroi
0.9985576085809433,5,Charleroi
0.9974687974863555,5.5,Charleroi
0.9967165053370011,6,Charleroi
0.9962999721535432,6.5,Charleroi
0.9962187773109052,7,Charleroi
0.9964728388302632,7.5,Charleroi
0.997062413241079,8,Charleroi
0.997773008280597,8.5,Charleroi
0.9983089679053403,9,Charleroi
0.9986682022241302,9.5,Charleroi
0.9988505202952587,10,Charleroi
0.9988558251947511,10.5,Charleroi
0.9986841141022392,11,Charleroi
0.9983354783034595,11.5,Charleroi
0.9978101031093755,12,Charleroi
0.9971082676920231,12.5,Charleroi
0.9962303448372828,13,Charleroi
0.995176800614885,13.5,Charleroi
0.9939481939660582,14,Charleroi
0.9925941211202023,14.5,Charleroi
0.9919742988921862,15,Charleroi
0.9924019547177535,15.5,Charleroi
0.9938784437751591,16,Charleroi
0.996408447832774,16.5,Charleroi
1,17,Charleroi
1.0046645272525674,17.5,Charleroi
1.010416911047492,18,Charleroi
1.0172755664779956,18.5,Charleroi
1.025262540558027,19,Charleroi
1.0344036303710016,19.5,Charleroi
1.0447035640147073,20,Charleroi
1.0557949814473218,20.5,Charleroi
1.0675607645373186,21,Charleroi
1.0800207722232467,21.5,Charleroi
1.0931961826931513,22,Charleroi
1.1071095532390853,22.5,Charleroi
1.1217848844454676,23,Charleroi
1.1372476889663687,23.5,Charleroi
1.1535250651668398,24,Charleroi
1.1706457759248705,24.5,Charleroi
1.1886403329135418,25,Charleroi
1.2075410867076006,25.5,Charleroi
1.1227689661523932,-5,Courtrai
1.1159775571584887,-4.5,Courtrai
1.1095246154553764,-4,Courtrai
1.1034047338109925,-3.5,Courtrai
1.0976128026730447,-3,Courtrai
1.0921440030621448,-2.5,Courtrai
1.086993799891709,-2,Courtrai
1.082157935701667,-1.5,Courtrai
1.0776324247938622,-1,Courtrai
1.0734135477578328,-0.5,Courtrai
1.0694978463764526,0,Courtrai
1.0658821189016616,0.5,Courtrai
1.0625634156912505,1,Courtrai
1.0595244808144457,1.5,Courtrai
1.0564744938512671,2,Courtrai
1.053301547926395,2.5,Courtrai
1.0500068047305209,3,Courtrai
1.0465914680171806,3.5,Courtrai
1.0430567828699975,4,Courtrai
1.0394040349464637,4.5,Courtrai
1.035634549698902,5,Courtrai
1.0317496915732662,5.5,Courtrai
1.0277508631864642,6,Courtrai
1.0236395044828863,6.5,Courtrai
1.019417091870863,7,Courtrai
1.015085137339763,7.5,Courtrai
1.0106451875584799,8,Courtrai
1.0063341964587973,8.5,Courtrai
1.0024730576483052,9,Courtrai
0.999058689309421,9.5,Courtrai
0.9960866210270455,10,Courtrai
0.9935529697052273,10.5,Courtrai
0.9914544311104575,11,Courtrai
0.9897882726887326,11.5,Courtrai
0.9885523276345263,12,Courtrai
0.9877449901936408,12.5,Courtrai
0.9873652121856831,13,Courtrai
0.9874125007356186,13.5,Courtrai
0.987886917207532,14,Courtrai
0.9887897103860009,14.5,Courtrai
0.9901331936164587,15,Courtrai
0.9919232439440407,15.5,Courtrai
0.9941622760685925,16,Courtrai
0.9968533144263844,16.5,Courtrai
1,17,Courtrai
1.0036065985299085,17.5,Courtrai
1.0076780101536489,18,Courtrai
1.0122197805031283,18.5,Courtrai
1.017238113295219,19,Courtrai
1.0227398844556805,19.5,Courtrai
1.02873655150416,20,Courtrai
1.0352986286719972,20.5,Courtrai
1.0424581394551924,21,Courtrai
1.0502268771089136,21.5,Courtrai
1.0586176977382384,22,Courtrai
1.0676445557471446,22.5,Courtrai
1.0773225425014445,23,Courtrai
1.0876679283555795,23.5,Courtrai
1.0986982082070385,24,Courtrai
1.1104321507568395,24.5,Courtrai
1.1228898516700818,25,Courtrai
1.1285615504755313,-6,Dendermonde
1.122299773652202,-5.5,Dendermonde
1.1162851210217795,-5,Dendermonde
1.1105139852307016,-4.5,Dendermonde
1.104982916572213,-4,Dendermonde
1.099688619552135,-3.5,Dendermonde
1.0946279496184337,-3,Dendermonde
1.0897979100500452,-2.5,Dendermonde
1.0851956490006496,-2,Dendermonde
1.0808184566933148,-1.5,Dendermonde
1.0766637627621463,-1,Dendermonde
1.0727291337372946,-0.5,Dendermonde
1.0690122706698733,0,Dendermonde
1.065511006893546,0.5,Dendermonde
1.06222330591973,1,Dendermonde
1.0591381734999044,1.5,Dendermonde
1.0560738239292706,2,Dendermonde
1.0529601751654143,2.5,Dendermonde
1.049797716025831,3,Dendermonde
1.0465869419496576,3.5,Dendermonde
1.043328354868486,4,Dendermonde
1.040022463075777,4.5,Dendermonde
1.0366697810949248,5,Dendermonde
1.033270829546016,5.5,Dendermonde
1.029826135011335,6,Dendermonde
1.0263362298996612,6.5,Dendermonde
1.0228016523094103,7,Dendermonde
1.0192229458906648,7.5,Dendermonde
1.0156006597061467,8,Dendermonde
1.0121021278087117,8.5,Dendermonde
1.0089547587844492,9,Dendermonde
1.006156740234449,9.5,Dendermonde
1.0037052167474811,10,Dendermonde
1.0015976908327564,10.5,Dendermonde
0.9998320186789696,11,Dendermonde
0.9984064065193811,11.5,Dendermonde
0.9973194075943044,12,Dendermonde
0.9965699197038,12.5,Dendermonde
0.9961571833447767,13,Dendermonde
0.9960807804280938,13.5,Dendermonde
0.9963406335726298,14,Dendermonde
0.9969227547861161,14.5,Dendermonde
0.9975770847889402,15,Dendermonde
0.998212011330832,15.5,Dendermonde
0.9988274968245506,16,Dendermonde
0.9994235048184347,16.5,Dendermonde
1,17,Dendermonde
1.0005569481994268,17.5,Dendermonde
1.0010943163929353,18,Dendermonde
1.0016120727060485,18.5,Dendermonde
1.0021101864167439,19,Dendermonde
1.0025886279584917,19.5,Dendermonde
1.0032047203771646,20,Dendermonde
1.0064605163086788,20.5,Dendermonde
1.0132542959643351,21,Dendermonde
1.0236575688264475,21.5,Dendermonde
1.0377804537440525,22,Dendermonde
1.0557736238250768,22.5,Dendermonde
1.0778309884255517,23,Dendermonde
1.1041931791422963,23.5,Dendermonde
1.1351519276251485,24,Dendermonde
1.1710554467813103,24.5,Dendermonde
1.2123149543591727,25,Dendermonde
1.2506004039267908,-4,Diksmuide
1.2016564410401063,-3.5,Diksmuide
1.1593171835905387,-3,Diksmuide
1.1230120799518217,-2.5,Diksmuide
1.0922618951146068,-2,Diksmuide
1.0666681770018407,-1.5,Diksmuide
1.0459046513672776,-1,Diksmuide
1.0297102850786546,-0.5,Diksmuide
1.0178838111800361,0,Diksmuide
1.0102795548035057,0.5,Diksmuide
1.0068044385878514,1,Diksmuide
1.0072461765362668,1.5,Diksmuide
1.0082243628513148,2,Diksmuide
1.0084225295432911,2.5,Diksmuide
1.0078402165674567,3,Diksmuide
1.0064787755939708,3.5,Diksmuide
1.0043413647800596,4,Diksmuide
1.0014329365631154,4.5,Diksmuide
0.9977602185407692,5,Diksmuide
0.9933316875412503,5.5,Diksmuide
0.9881575370239115,6,Diksmuide
0.9822496379853861,6.5,Diksmuide
0.9756214935812254,7,Diksmuide
0.9682881877057881,7.5,Diksmuide
0.9602663278044163,8,Diksmuide
0.9524113122636465,8.5,Diksmuide
0.9458633432615825,9,Diksmuide
0.9406032129962135,9.5,Diksmuide
0.9366098794207005,10,Diksmuide
0.9338674200192257,10.5,Diksmuide
0.9323649259485989,11,Diksmuide
0.9320964296851739,11.5,Diksmuide
0.933060865504953,12,Diksmuide
0.9352620624302984,12.5,Diksmuide
0.9387087695778784,13,Diksmuide
0.9434147141428689,13.5,Diksmuide
0.9493986925576511,14,Diksmuide
0.9566469200155999,14.5,Diksmuide
0.9645182295374242,15,Diksmuide
0.972780046550126,15.5,Diksmuide
0.9814412746543484,16,Diksmuide
0.9905112983600808,16.5,Diksmuide
1,17,Diksmuide
1.009917777633949,17.5,Diksmuide
1.0202755639898748,18,Diksmuide
1.0310848464894111,18.5,Diksmuide
1.042357688409321,19,Diksmuide
1.054106751233207,19.5,Diksmuide
1.0658348976158094,20,Diksmuide
1.0693839634807623,20.5,Diksmuide
1.0618759369037338,21,Diksmuide
1.0435428160602487,21.5,Diksmuide
1.0149464921754192,22,Diksmuide
0.9769501460481814,22.5,Diksmuide
0.9570228311168254,-7.5,Dinant
0.9766120107932676,-7,Dinant
0.9950696739083345,-6.5,Dinant
1.0123171336673256,-6,Dinant
1.0282799108403924,-5.5,Dinant
1.0428882685431335,-5,Dinant
1.0560777191234039,-4.5,Dinant
1.0677894980056415,-4,Dinant
1.077970999624836,-3.5,Dinant
1.0865761709272816,-3,Dinant
1.0935658583205592,-2.5,Dinant
1.098908104415825,-2,Dinant
1.1025783914156624,-1.5,Dinant
1.1045598285537963,-1,Dinant
1.1048432815815328,-0.5,Dinant
1.1034274429119206,0,Dinant
1.1003188416679013,0.5,Dinant
1.0955317935264046,1,Dinant
1.0891664757409056,1.5,Dinant
1.082794472731098,2,Dinant
1.0770149004134655,2.5,Dinant
1.0718186512262582,3,Dinant
1.0671975641294573,3.5,Dinant
1.063144403240556,4,Dinant
1.059652838948628,4.5,Dinant
1.0567174314376615,5,Dinant
1.054333616559105,5.5,Dinant
1.0524976940022508,6,Dinant
1.0512068177195255,6.5,Dinant
1.0504589885719946,7,Dinant
1.0502530491684732,7.5,Dinant
1.0505886808795832,8,Dinant
1.0510297558863193,8.5,Dinant
1.050976005493403,9,Dinant
1.050423840958745,9.5,Dinant
1.049374047748828,10,Dinant
1.047828118458832,10.5,Dinant
1.0457882492762416,11,Dinant
1.043257334781737,11.5,Dinant
1.0402389611045944,12,Dinant
1.036737397455252,12.5,Dinant
1.032757586063029,13,Dinant
1.0283051305521895,13.5,Dinant
1.0233862827946258,14,Dinant
1.0180534905559617,14.5,Dinant
1.0131099431677846,15,Dinant
1.0088404989590392,15.5,Dinant
1.005236822711373,16,Dinant
1.0022918971170163,16.5,Dinant
1,17,Dinant
0.9983566857813884,17.5,Dinant
0.9973587711044521,18,Dinant
0.9970043245546978,18.5,Dinant
0.9972926604282665,19,Dinant
0.998224336520548,19.5,Dinant
1.0000412074631009,20,Dinant
1.0065749297464317,20.5,Dinant
1.0192610409113216,21,Dinant
1.0383310496841869,21.5,Dinant
1.0641365474122197,22,Dinant
1.097160032408925,22.5,Dinant
1.1380299706817192,23,Dinant
1.1875407522892545,23.5,Dinant
1.2466784315516488,24,Dinant
1.3166534192032866,24.5,Dinant
1.3989416426301846,25,Dinant
1.4953361287346472,25.5,Dinant
0.6724786703088103,-5,Eeklo
0.7110556762628382,-4.5,Eeklo
0.7483079716427172,-4,Eeklo
0.783806401432101,-3.5,Eeklo
0.8171257766020312,-3,Eeklo
0.8478532430140625,-2.5,Eeklo
0.8755967298435111,-2,Eeklo
0.8999932380236274,-1.5,Eeklo
0.9207167250003594,-1,Eeklo
0.9374853470229988,-0.5,Eeklo
0.9500678343872622,0,Eeklo
0.9582887981667011,0.5,Eeklo
0.9620327982557089,1,Eeklo
0.9614113932194915,1.5,Eeklo
0.9596884705553301,2,Eeklo
0.9581376345345896,2.5,Eeklo
0.9567580603328251,3,Eeklo
0.9555490149569019,3.5,Eeklo
0.9545098565958726,4,Eeklo
0.9536400340531137,4.5,Eeklo
0.9529390862590149,5,Eeklo
0.9524066418636226,5.5,Eeklo
0.9520424189087281,6,Eeklo
0.9518462245790007,6.5,Eeklo
0.9518179550318532,7,Eeklo
0.9519575953058327,7.5,Eeklo
0.9522652193074232,8,Eeklo
0.9527915159334825,8.5,Eeklo
0.95360637916726,9,Eeklo
0.9547109740777301,9.5,Eeklo
0.9561063056840594,10,Eeklo
0.957793644639593,10.5,Eeklo
0.9597745291605699,11,Eeklo
0.9620507673634713,11.5,Eeklo
0.9646244400159686,12,Eeklo
0.9674979037073377,12.5,Eeklo
0.9706737944450972,13,Eeklo
0.9741550316855593,13.5,Eeklo
0.9779448228069219,14,Eeklo
0.9820259700667214,14.5,Eeklo
0.9860367281392354,15,Eeklo
0.989841946865008,15.5,Eeklo
0.9934391238971444,16,Eeklo
0.9968258876691054,16.5,Eeklo
1,17,Eeklo
1.0029593585593142,17.5,Eeklo
1.0057019991872742,18,Eeklo
1.0082260980672608,18.5,Eeklo
1.0105299737469113,19,Eeklo
1.0126120890047752,19.5,Eeklo
1.0145100695770504,20,Eeklo
1.01684317411219,20.5,Eeklo
1.0198297834532914,21,Eeklo
1.023475621227089,21.5,Eeklo
1.027787689503813,22,Eeklo
1.0327742912147997,22.5,Eeklo
1.0384450568029253,23,Eeklo
1.044810975225636,23.5,Eeklo
1.054885910868011,-5,Gent
1.0461656461106208,-4.5,Gent
1.0381796234457767,-4,Gent
1.0309120833175438,-3.5,Gent
1.0243487521655676,-3,Gent
1.0184767957042162,-2.5,Gent
1.013284777092714,-2,Gent
1.0087626198054007,-1.5,Gent
1.004901575033333,-1,Gent
1.001694193469567,-0.5,Gent
0.9991343013507143,0,Gent
0.9972169806468703,0.5,Gent
0.9959385533109043,1,Gent
0.9952712867198535,1.5,Gent
0.9947116144796829,2,Gent
0.9940637860689947,2.5,Gent
0.9933279741661118,3,Gent
0.9925043748101678,3.5,Gent
0.99159320731406,4,Gent
0.9905947141671191,4.5,Gent
0.989509160927557,5,Gent
0.9883368361047578,5.5,Gent
0.9870780510314869,6,Gent
0.9857331397260961,6.5,Gent
0.9843024587448106,7,Gent
0.9827863870241893,7.5,Gent
0.9811853257138564,8,Gent
0.9796578664189017,8.5,Gent
0.9784208721114012,9,Gent
0.977474573476508,9.5,Gent
0.9768181296434395,10,Gent
0.9764509576217469,10.5,Gent
0.9763727314383036,11,Gent
0.9765833816549292,11.5,Gent
0.9770830952656503,12,Gent
0.9778723159733852,12.5,Gent
0.9789517448466257,13,Gent
0.9803223413574769,13.5,Gent
0.9819853248032062,14,Gent
0.9839472432626885,14.5,Gent
0.9862991282271855,15,Gent
0.9890765058326915,15.5,Gent
0.9922829366106684,16,Gent
0.9959225393667992,16.5,Gent
1,17,Gent
1.0045205815583873,17.5,Gent
1.0094901355624168,18,Gent
1.0149151146293034,18.5,Gent
1.020802586436851,19,Gent
1.0271602490690046,19.5,Gent
1.0340591812582052,20,Gent
1.0425127828028495,20.5,Gent
1.0529091421763284,21,Gent
1.0653048846997781,21.5,Gent
1.079768003972727,22,Gent
1.0963784836978387,22.5,Gent
1.1152290350208889,23,Gent
1.136425958903995,23.5,Gent
1.160090144761717,24,Gent
1.1863582184892447,24.5,Gent
1.215383855133343,25,Gent
1.2473392738384679,25.5,Gent
0.9962683922141168,-6,Hal-Vilvorde
1.0035415401169636,-5.5,Hal-Vilvorde
1.0100024498891975,-5,Hal-Vilvorde
1.015634795157542,-4.5,Hal-Vilvorde
1.020424285557101,-4,Hal-Vilvorde
1.0243587271398404,-3.5,Hal-Vilvorde
1.0274280741009745,-3,Hal-Vilvorde
1.0296244715161655,-2.5,Hal-Vilvorde
1.030942288835072,-2,Hal-Vilvorde
1.031378143931358,-1.5,Hal-Vilvorde
1.0309309175653876,-1,Hal-Vilvorde
1.0296017581730499,-0.5,Hal-Vilvorde
1.0273940769520333,0,Hal-Vilvorde
1.0243135332749744,0.5,Hal-Vilvorde
1.0203680105167847,1,Hal-Vilvorde
1.015611408628263,1.5,Hal-Vilvorde
1.0109219047608988,2,Hal-Vilvorde
1.0066351151386057,2.5,Hal-Vilvorde
1.0027460921954074,3,Hal-Vilvorde
0.9992503594062575,3.5,Hal-Vilvorde
0.9961439026985573,4,Hal-Vilvorde
0.9934231627694059,4.5,Hal-Vilvorde
0.9910850282879908,5,Hal-Vilvorde
0.9891268299649443,5.5,Hal-Vilvorde
0.9875463354728367,6,Hal-Vilvorde
0.9863417452042718,6.5,Hal-Vilvorde
0.9855116888563009,7,Hal-Vilvorde
0.9850552228320748,7.5,Hal-Vilvorde
0.984971828452838,8,Hal-Vilvorde
0.9851060128698511,8.5,Hal-Vilvorde
0.9852441579203304,9,Hal-Vilvorde
0.9853849597644734,9.5,Hal-Vilvorde
0.9855284195357431,10,Hal-Vilvorde
0.9856745383891099,10.5,Hal-Vilvorde
0.9858233175010668,11,Hal-Vilvorde
0.9859747580696453,11.5,Hal-Vilvorde
0.9861288613144318,12,Hal-Vilvorde
0.9862856284765832,12.5,Hal-Vilvorde
0.9864450608188443,13,Hal-Vilvorde
0.9866071596255646,13.5,Hal-Vilvorde
0.9867719262027151,14,Hal-Vilvorde
0.9869740388314261,14.5,Hal-Vilvorde
0.9878232304392001,15,Hal-Vilvorde
0.9895446957742808,15.5,Hal-Vilvorde
0.9921429926199525,16,Hal-Vilvorde
0.9956250102735669,16.5,Hal-Vilvorde
1,17,Hal-Vilvorde
1.0052796160090613,17.5,Hal-Vilvorde
1.0114779672110312,18,Hal-Vilvorde
1.0186116800721985,18.5,Hal-Vilvorde
1.026699972962529,19,Hal-Vilvorde
1.0357647424610046,19.5,Hal-Vilvorde
1.0458576573451173,20,Hal-Vilvorde
1.0574401205133008,20.5,Hal-Vilvorde
1.0707110927628354,21,Hal-Vilvorde
1.085730741398817,21.5,Hal-Vilvorde
1.102567740930088,22,Hal-Vilvorde
1.1212997962917532,22.5,Hal-Vilvorde
1.1420142402166449,23,Hal-Vilvorde
1.1648087111819692,23.5,Hal-Vilvorde
1.1897919192925563,24,Hal-Vilvorde
1.2170845085000093,24.5,Hal-Vilvorde
1.0245202444453614,-7,Hasselt
1.0203244528064237,-6.5,Hasselt
1.016417801679115,-6,Hasselt
1.0127970968754427,-5.5,Hasselt
1.0094593851816005,-5,Hasselt
1.0064019503433688,-4.5,Hasselt
1.0036223093818657,-4,Hasselt
1.001118209232656,-3.5,Hasselt
0.9988876237018485,-3,Hasselt
0.9969287507334204,-2.5,Hasselt
0.9952400099826155,-2,Hasselt
0.9938200406908352,-1.5,Hasselt
0.9926676998580232,-1,Hasselt
0.9917820607091092,-0.5,Hasselt
0.9911624114516272,0,Hasselt
0.990808254322179,0.5,Hasselt
0.9907193049199543,1,Hasselt
0.990882719471719,1.5,Hasselt
0.9910446969226352,2,Hasselt
0.9911063006890292,2.5,Hasselt
0.9910675120514465,3,Hasselt
0.9909283427966293,3.5,Hasselt
0.9906888352115467,4,Hasselt
0.9903490620619809,4.5,Hasselt
0.9899091265556824,5,Hasselt
0.9893691622901228,5.5,Hasselt
0.9887293331848792,6,Hasselt
0.9879898333987014,6.5,Hasselt
0.9871508872313174,7,Hasselt
0.9862127490100497,7.5,Hasselt
0.9851757029613203,8,Hasselt
0.9841749478561278,8.5,Hasselt
0.9833956888729917,9,Hasselt
0.9828385327450261,9.5,Hasselt
0.9825031025375285,10,Hasselt
0.982389171389441,10.5,Hasselt
0.98249666225761,11,Hasselt
0.9828256478299484,11.5,Hasselt
0.9833763506073644,12,Hasselt
0.9841491431545846,12.5,Hasselt
0.9851445485202686,13,Hasselt
0.9863632408270773,13.5,Hasselt
0.9878060460326282,14,Hasselt
0.9894704427247444,14.5,Hasselt
0.991295921741,15,Hasselt
0.9932607723178015,15.5,Hasselt
0.9953658093911977,16,Hasselt
0.9976119072218111,16.5,Hasselt
1,17,Hasselt
1.0025310824934244,17.5,Hasselt
1.0052062107376494,18,Hasselt
1.0080265027704542,18.5,Hasselt
1.0109931394105627,19,Hasselt
1.014107365081554,19.5,Hasselt
1.0174272988152855,20,Hasselt
1.021859824803822,20.5,Hasselt
1.0277345166138712,21,Hasselt
1.0350760011849744,21.5,Hasselt
1.0439151851948114,22,Hasselt
1.0542894720030533,22.5,Hasselt
1.06624302553413,23,Hasselt
1.0798270837062285,23.5,Hasselt
1.0951003245214952,24,Hasselt
1.112129288479887,24.5,Hasselt
1.1309888615737036,25,Hasselt
1.0172443905207893,-8.5,Huy
1.0138970697531062,-8,Huy
1.0106142406936733,-7.5,Huy
1.0073953476485704,-7,Huy
1.0042398468423699,-6.5,Huy
1.0011472062652544,-6,Huy
0.9981169055237247,-5.5,Huy
0.9951484356948405,-5,Huy
0.9922412991839376,-4.5,Huy
0.9893950095857635,-4,Huy
0.9866090915489802,-3.5,Huy
0.9838830806439781,-3,Huy
0.9812165232339526,-2.5,Huy
0.978608976349192,-2,Huy
0.9760600075645276,-1.5,Huy
0.9735691948798993,-1,Huy
0.9711361266039903,-0.5,Huy
0.9687604012408856,0,Huy
0.9664416273797115,0.5,Huy
0.9641794235872128,1,Huy
0.9619863269177027,1.5,Huy
0.9601179205751316,2,Huy
0.958671945968754,2.5,Huy
0.9576465039305415,3,Huy
0.957040248782563,3.5,Huy
0.9568523853933562,4,Huy
0.9570826674395887,4.5,Huy
0.957731396867688,5,Huy
0.9587994245537922,5.5,Huy
0.960288152164042,6,Huy
0.9621995352209087,6.5,Huy
0.9645360873849502,7,Huy
0.9673008859651224,7.5,Huy
0.9704975786745603,8,Huy
0.9738494758403673,8.5,Huy
0.9769705957940026,9,Huy
0.9798562746145333,9.5,Huy
0.9825043694400024,10,Huy
0.9849129100895851,10.5,Huy
0.9870801015063151,11,Huy
0.9890043259865671,11.5,Huy
0.9906841451924187,12,Huy
0.9921183019433876,12.5,Huy
0.9933057217844201,13,Huy
0.9942455143273924,13.5,Huy
0.9949369743637799,14,Huy
0.9953971694695172,14.5,Huy
0.995934944028831,15,Huy
0.9966636406046929,15.5,Huy
0.9975836777995416,16,Huy
0.9986955844233039,16.5,Huy
1,17,Huy
1.0014976753808298,17.5,Huy
1.003189473464561,18,Huy
1.005076370026188,18.5,Huy
1.0071594546549762,19,Huy
1.0094399318031533,19.5,Huy
1.0119856493090045,20,Huy
1.015857663182995,20.5,Huy
1.021439886603304,21,Huy
1.0287603299670753,21.5,Huy
1.0378558794242732,22,Huy
1.0487726068074028,22.5,Huy
1.061566158761148,23,Huy
1.076302229675397,23.5,Huy
1.0930571240509734,24,Huy
1.111918415039415,24.5,Huy
1.1329857071141036,25,Huy
1.1563715121696307,25.5,Huy
1.1822022498315596,26,Huy
1.1430967299799775,-7,Leuven
1.1331012155021971,-6.5,Leuven
1.123491431543318,-6,Leuven
1.1142590235449343,-5.5,Leuven
1.1053960061578114,-5,Leuven
1.09689475175811,-4.5,Leuven
1.0887479795296786,-4,Leuven
1.0809487450905773,-3.5,Leuven
1.073490430643174,-3,Leuven
1.0663667356282884,-2.5,Leuven
1.0595716678649225,-2,Leuven
1.0530995351581596,-1.5,Leuven
1.046944937358788,-1,Leuven
1.041102758859161,-0.5,Leuven
1.0355681615106953,0,Leuven
1.0303365779492974,0.5,Leuven
1.0254037053158234,1,Leuven
1.0207680670040982,1.5,Leuven
1.016476655850823,2,Leuven
1.0125450234854403,2.5,Leuven
1.0089691286793359,3,Leuven
1.0057453048092386,3.5,Leuven
1.0028702535907916,4,Leuven
1.0003410394540309,4.5,Leuven
0.9981550845473427,5,Leuven
0.9963101643579962,5.5,Leuven
0.994804403938832,6,Leuven
0.9936362747321464,6.5,Leuven
0.9928045919832388,7,Leuven
0.9923085127374921,7.5,Leuven
0.9921475344162475,8,Leuven
0.9921832418424166,8.5,Leuven
0.992225547919227,9,Leuven
0.9922732922461411,9.5,Leuven
0.9923264756080157,10,Leuven
0.9923850988791477,10.5,Leuven
0.9924491630232991,11,Leuven
0.9925186690937223,11.5,Leuven
0.9925936182331899,12,Leuven
0.9926740116740252,12.5,Leuven
0.9927598507381367,13,Leuven
0.9928511368370535,13.5,Leuven
0.9929478714719647,14,Leuven
0.9930682089500309,14.5,Leuven
0.9935312481445596,15,Leuven
0.9944543434047254,15.5,Leuven
0.9958387766496112,16,Leuven
0.9976864719528343,16.5,Leuven
1,17,Leuven
1.00278258405057,17.5,Leuven
1.0060381074235059,18,Leuven
1.0097711225310313,18.5,Leuven
1.0139868614899346,19,Leuven
1.0186912483450479,19.5,Leuven
1.023874229976763,20,Leuven
1.0292767506649332,20.5,Leuven
1.0348093932068108,21,Leuven
1.0404739466480977,21.5,Leuven
1.0462722487088845,22,Leuven
1.052206186774002,22.5,Leuven
1.0582776989132947,23,Leuven
1.0644887749325938,23.5,Leuven
1.0708414574561769,24,Leuven
1.0773378430415421,24.5,Leuven
1.0839800833273425,25,Leuven
0.8853260239183054,-8.5,Liège
0.8948334867008177,-8,Liège
0.9039241723434915,-7.5,Liège
0.912583363173809,-7,Liège
0.9207969425530824,-6.5,Liège
0.9285514331779551,-6,Liège
0.9358340338956443,-5.5,Liège
0.9426326548923017,-5,Liège
0.9489359511192011,-4.5,Liège
0.9547333538274655,-4,Liège
0.9600151000886907,-3.5,Liège
0.9647722601860813,-3,Liège
0.9689967627685497,-2.5,Liège
0.9726814176686133,-2,Liège
0.9758199362938019,-1.5,Liège
0.9784069495106366,-1,Liège
0.9804380229499864,-0.5,Liège
0.9819096696727395,0,Liège
0.9828193601451473,0.5,Liège
0.983165529483899,1,Liège
0.9829633311270293,1.5,Liège
0.9825259355379866,2,Liège
0.9819754894352167,2.5,Liège
0.981312183062526,3,Liège
0.9805362455756658,3.5,Liège
0.9796479449103916,4,Liège
0.9786475876282701,4.5,Liège
0.9775355187403565,5,Liège
0.976312121508886,5.5,Liège
0.9749778172271389,6,Liège
0.9735330649776547,6.5,Liège
0.9719783613689911,7,Liège
0.9703142402512384,7.5,Liège
0.9685412724105182,8,Liège
0.9668795085251073,8.5,Liège
0.9656297163901254,9,Liège
0.9647921440896224,9.5,Liège
0.9643657211541443,10,Liège
0.9643499028265412,10.5,Liège
0.9647446689019196,11,Liège
0.9655505236846228,11.5,Liège
0.9667684970621122,12,Liège
0.9684001466989491,12.5,Liège
0.970447561357423,13,Liège
0.9729133653547385,13.5,Liège
0.9758007241700759,14,Liège
0.9791071141076861,14.5,Liège
0.9827267200267291,15,Liège
0.9866225176736166,15.5,Liège
0.9907976820945145,16,Liège
0.9952556251177299,16.5,Liège
1,17,Liège
1.00503470641544,17.5,Liège
1.0103638957966883,18,Liège
1.01599197703849,18.5,Liège
1.0219236225746815,19,Liège
1.0281637748403047,19.5,Liège
1.0347620443776921,20,Liège
1.0424341540715296,20.5,Liège
1.0514510369429961,21,Liège
1.0618465367895331,21.5,Liège
1.0736599072565902,22,Liège
1.0869360589138752,22.5,Liège
1.1017258438159276,23,Liège
1.1180863800712957,23.5,Liège
1.136081419320057,24,Liège
1.1557817604281924,24.5,Liège
1.1772657131543562,25,Liège
1.2006196160354519,25.5,Liège
1.0293278258638139,-7.5,Maaseik
1.0397502870999824,-7,Maaseik
1.0492546922872414,-6.5,Maaseik
1.0578140390004231,-6,Maaseik
1.0654038661549072,-5.5,Maaseik
1.0720023704538564,-5,Maaseik
1.0775905107322683,-4.5,Maaseik
1.0821520994990534,-4,Maaseik
1.0856738810612447,-3.5,Maaseik
1.0881455957026682,-3,Maaseik
1.0895600294822,-2.5,Maaseik
1.0899130493133327,-2,Maaseik
1.089203623086308,-1.5,Maaseik
1.0874338246957138,-1,Maaseik
1.0846088239392635,-0.5,Maaseik
1.0807368613566217,0,Maaseik
1.0758292081796572,0.5,Maaseik
1.0699001116665388,1,Maaseik
1.0630282248243699,1.5,Maaseik
1.0564462315066296,2,Maaseik
1.0506198784987562,2.5,Maaseik
1.045537085892209,3,Maaseik
1.041187351355321,3.5,Maaseik
1.037561713959429,4,Maaseik
1.0346527234052227,4.5,Maaseik
1.0324544145013204,5,Maaseik
1.0309622867726578,5.5,Maaseik
1.0301732891010729,6,Maaseik
1.030085809324684,6.5,Maaseik
1.030699668746417,7,Maaseik
1.0320161215254853,7.5,Maaseik
1.034037858948922,8,Maaseik
1.0362178697351627,8.5,Maaseik
1.0377980822193873,9,Maaseik
1.038771101375719,9.5,Maaseik
1.0391352160131873,10,Maaseik
1.0388897855101218,10.5,Maaseik
1.0380352416922967,11,Maaseik
1.0365730875668757,11.5,Maaseik
1.0345058929173543,12,Maaseik
1.0318372867775703,12.5,Maaseik
1.0285719468156334,13,Maaseik
1.0247155856712415,13.5,Maaseik
1.0202749343022464,14,Maaseik
1.0153109938464944,14.5,Maaseik
1.010763117431073,15,Maaseik
1.006965580580999,15.5,Maaseik
1.0039100647409214,16,Maaseik
1.0015898918479043,16.5,Maaseik
1,17,Maaseik
0.999136925045984,17.5,Maaseik
0.9989987880024825,18,Maaseik
0.9995852882344956,18.5,Maaseik
1.0008977023646526,19,Maaseik
1.0029388889056619,19.5,Maaseik
1.0059081030611523,20,Maaseik
1.0129214949999577,20.5,Maaseik
1.025153474258095,21,Maaseik
1.0427918020432854,21.5,Maaseik
1.066109831986885,22,Maaseik
1.095473581881465,22.5,Maaseik
1.1313513221016611,23,Maaseik
1.1743260328453102,23.5,Maaseik
1.2251111945865651,24,Maaseik
1.2845705106675176,24.5,Maaseik
1.3537423247075624,25,Maaseik
1.3357510113899813,-8,Marche-en-Famenne
1.2862888926313452,-7,Marche-en-Famenne
1.243915924404439,-6,Marche-en-Famenne
1.208044788827693,-5,Marche-en-Famenne
1.1781878650618718,-4,Marche-en-Famenne
1.1539461827812947,-3,Marche-en-Famenne
1.1350005313286367,-2,Marche-en-Famenne
1.1211044469974096,-1,Marche-en-Famenne
1.112078862530716,0,Marche-en-Famenne
1.1078082560134175,1,Marche-en-Famenne
1.1069661159007689,2,Marche-en-Famenne
1.1048830332581527,3,Marche-en-Famenne
1.1011378092242639,4,Marche-en-Famenne
1.0957473749805215,5,Marche-en-Famenne
1.0887360317108867,6,Marche-en-Famenne
1.080135268104188,7,Marche-en-Famenne
1.0699835247812195,8,Marche-en-Famenne
1.0592897284879976,9,Marche-en-Famenne
1.0491957870560205,10,Marche-en-Famenne
1.039688356689592,11,Marche-en-Famenne
1.0307531914815227,12,Marche-en-Famenne
1.0223769777890628,13,Marche-en-Famenne
1.01454730119871,14,Marche-en-Famenne
1.0075965972643484,15,Marche-en-Famenne
1.0027218458339502,16,Marche-en-Famenne
1,17,Marche-en-Famenne
0.9994136154530475,18,Marche-en-Famenne
1.0009589381941137,19,Marche-en-Famenne
1.0046876008466876,20,Marche-en-Famenne
1.0129816837947276,21,Marche-en-Famenne
1.0273334756338859,22,Marche-en-Famenne
1.0479983134924948,23,Marche-en-Famenne
1.075347982257125,24,Marche-en-Famenne
1.109881882735337,25,Marche-en-Famenne
1.152242252620092,26,Marche-en-Famenne
1.0307197362739207,-6.5,Mechelen
1.0319520294729547,-6,Mechelen
1.0328763052633398,-5.5,Mechelen
1.0334917337855005,-5,Mechelen
1.033797762203087,-4.5,Mechelen
1.0337941155305757,-4,Mechelen
1.0334807970450477,-3.5,Mechelen
1.032858088281281,-3,Mechelen
1.0319265486101665,-2.5,Mechelen
1.0306870144013338,-2,Mechelen
1.0291405977717378,-1.5,Mechelen
1.027288684922831,-1,Mechelen
1.0251329340698003,-0.5,Mechelen
1.0226752729671955,0,Mechelen
1.0199178960361264,0.5,Mechelen
1.016863261099011,1,Mechelen
1.0135324123991576,1.5,Mechelen
1.0102911468164109,2,Mechelen
1.0072797116212306,2.5,Mechelen
1.004496111159118,3,Mechelen
1.0019385042498417,3.5,Mechelen
0.999605202157686,4,Mechelen
0.9974946667329904,4.5,Mechelen
0.9956055087221166,5,Mechelen
0.9939364862432463,5.5,Mechelen
0.9924865034256635,6,Mechelen
0.9912546092104398,6.5,Mechelen
0.9902399963106798,7,Mechelen
0.9894420003297378,7.5,Mechelen
0.9888600990360574,8,Mechelen
0.988438619696578,8.5,Mechelen
0.9881013564977884,9,Mechelen
0.9878477592182168,9.5,Mechelen
0.9876777634889541,10,Mechelen
0.9875913261672818,10.5,Mechelen
0.9875884253184238,11,Mechelen
0.9876690602062678,11.5,Mechelen
0.9878332512930549,12,Mechelen
0.9880810402480338,12.5,Mechelen
0.9884124899650867,13,Mechelen
0.9888276845893356,13.5,Mechelen
0.989326729552747,14,Mechelen
0.989926568899639,14.5,Mechelen
0.9909231643731207,15,Mechelen
0.992426112765056,15.5,Mechelen
0.994437714631367,16,Mechelen
0.9969610527507655,16.5,Mechelen
1,17,Mechelen
1.00355922926244,17.5,Mechelen
1.0076442254054994,18,Mechelen
1.0122612993698803,18.5,Mechelen
1.0174176044213197,19,Mechelen
1.023121154623431,19.5,Mechelen
1.0295043097368535,20,Mechelen
1.038553771621691,20.5,Mechelen
1.0510311565396482,21,Mechelen
1.067057882354841,21.5,Mechelen
1.086791294815264,22,Mechelen
1.1104272444203747,22.5,Mechelen
1.1382033281296515,23,Mechelen
1.1704028710807353,23.5,Mechelen
1.2073597417628146,24,Mechelen
1.2494641151885428,24.5,Mechelen
1.2971693232081714,25,Mechelen
1.1260886692373833,-6,Mons
1.1248711557154094,-5.5,Mons
1.123222925663437,-5,Mons
1.1211458767175217,-4.5,Mons
1.1186423975717608,-4,Mons
1.115715363400395,-3.5,Mons
1.1123681303551283,-3,Mons
1.1086045291524025,-2.5,Mons
1.104428857767783,-2,Mons
1.0998458732569543,-1.5,Mons
1.0948607827251176,-1,Mons
1.08947923346878,-0.5,Mons
1.0837073023160642,0,Mons
1.0775514841936977,0.5,Mons
1.0710186799507877,1,Mons
1.0641472814154824,1.5,Mons
1.0575584104027256,2,Mons
1.0514852888916115,2.5,Mons
1.045919481999239,3,Mons
1.0408532872864746,3.5,Mons
1.0362797169926798,4,Mons
1.0321924819715282,4.5,Mons
1.028585977276208,5,Mons
1.025455269347752,5.5,Mons
1.0227960847654933,6,Mons
1.0206048005237285,6.5,Mons
1.0188784358036143,7,Mons
1.0176146452141293,7.5,Mons
1.016811713480645,8,Mons
1.016233837526842,8.5,Mons
1.0155581054553797,9,Mons
1.014782744548227,9.5,Mons
1.013907983729422,10,Mons
1.0129340811303975,10.5,Mons
1.0118613239630314,11,Mons
1.0106900283784848,11.5,Mons
1.00942053931192,12,Mons
1.008053230313207,12.5,Mons
1.0065885033637354,13,Mons
1.005026788679457,13.5,Mons
1.003368544500293,14,Mons
1.0016389925251126,14.5,Mons
1.0002724984444542,15,Mons
0.9994262661279006,15.5,Mons
0.9990989774758983,16,Mons
0.999290122899949,16.5,Mons
1,17,Mons
1.0012297143368134,17.5,Mons
1.0029811823021255,18,Mons
1.0052571360970282,18.5,Mons
1.0080611308366798,19,Mons
1.0113975538072186,19.5,Mons
1.015375408356375,20,Mons
1.02165760254427,20.5,Mons
1.0308651974106453,21,Mons
1.0430765001555584,21.5,Mons
1.0583960758493653,22,Mons
1.0769562410080125,22.5,Mons
1.0989189696710224,23,Mons
1.1244782504509805,23.5,Mons
1.1538629425984666,24,Mons
1.187340189961261,24.5,Mons
1.225219464112448,25,Mons
1.1081228144818371,-5,Mouscron
1.0963045120231976,-4.5,Mouscron
1.0854119005959244,-4,Mouscron
1.0754198010644007,-3.5,Mouscron
1.066305257644895,-3,Mouscron
1.0580474500345254,-2.5,Mouscron
1.0506276141569244,-2,Mouscron
1.0440289711023,-1.5,Mouscron
1.0382366638851528,-1,Mouscron
1.0332377016859096,-0.5,Mouscron
1.0290209112834716,0,Mouscron
1.0255768954244284,0.5,Mouscron
1.0228979979117323,1,Mouscron
1.0209478752933632,1.5,Mouscron
1.0191190883424073,2,Mouscron
1.0171764265625578,2.5,Mouscron
1.0151205540280381,3,Mouscron
1.0129521725820516,3.5,Mouscron
1.0106720214374874,4,Mouscron
1.0082808767569649,4.5,Mouscron
1.0057795512125471,5,Mouscron
1.0031688935254734,5.5,Mouscron
1.0004497879862768,6,Mouscron
0.9976231539556663,6.5,Mouscron
0.9946899453465672,7,Mouscron
0.9916511500877286,7.5,Mouscron
0.9885077895693207,8,Mouscron
0.9855412065176087,8.5,Mouscron
0.9831342995307263,9,Mouscron
0.9812853511254034,9.5,Mouscron
0.9799912322819333,10,Mouscron
0.9792497552653481,10.5,Mouscron
0.979059667460244,11,Mouscron
0.9794206478432731,11.5,Mouscron
0.9803333060793915,12,Mouscron
0.9817991842383008,12.5,Mouscron
0.983820761137851,13,Mouscron
0.9864014593315331,13.5,Mouscron
0.9895456547676443,14,Mouscron
0.9932006030721588,14.5,Mouscron
0.9963474324919968,15,Mouscron
0.9986056622508451,15.5,Mouscron
0.9999692133607613,16,Mouscron
1.0004344107967604,16.5,Mouscron
1,17,Mouscron
0.9986671525149794,17.5,Mouscron
0.9964394607253003,18,Mouscron
0.9933229217210979,18.5,Mouscron
0.9893259103995362,19,Mouscron
0.984459141967236,19.5,Mouscron
0.9790775240863027,20,Mouscron
0.9785978173300787,20.5,Mouscron
0.9849003103977398,21,Mouscron
0.9981163633417892,21.5,Mouscron
1.0185232484821416,22,Mouscron
1.0465538679951802,22.5,Mouscron
1.0828120933016778,23,Mouscron
1.1280944888824074,23.5,Mouscron
1.1834195167341373,24,Mouscron
1.2500657225223766,24.5,Mouscron
1.3296209086666415,25,Mouscron
1.4240449392314838,25.5,Mouscron
1.09237050425411,-8,Namur
1.083818278276267,-7.5,Namur
1.0757150987414557,-7,Namur
1.068051871382488,-6.5,Namur
1.0608200356032136,-6,Namur
1.0540115485514896,-5.5,Namur
1.0476188702195892,-5,Namur
1.0416349495334245,-4.5,Namur
1.0360532113946692,-4,Namur
1.0308675446424536,-3.5,Namur
1.0260722909037812,-3,Namur
1.021662234304193,-2.5,Namur
1.0176325920124867,-2,Namur
1.013979005595494,-1.5,Namur
1.010697533161042,-1,Namur
1.0077846422692627,-0.5,Namur
1.00523720359441,0,Namur
1.0030524853212532,0.5,Namur
1.001228148262006,1,Namur
0.9997531410275987,1.5,Namur
0.9984452718487503,2,Namur
0.9972335899992184,2.5,Namur
0.9961177492808778,3,Namur
0.9950974311258006,3.5,Namur
0.9941723444446701,4,Namur
0.9933422254883676,4.5,Namur
0.9926068377226406,5,Namur
0.9919659717157695,5.5,Namur
0.9914194450391575,6,Namur
0.990967102180778,6.5,Namur
0.9906088144714216,7,Namur
0.9903444800236939,7.5,Namur
0.9901740236837245,8,Namur
0.9900807097952843,8.5,Namur
0.9900415726568437,9,Namur
0.9900564656880939,9.5,Namur
0.9901253913273655,10,Namur
0.9902483608596842,10.5,Namur
0.9904253944198497,11,Namur
0.9906565209979312,11.5,Namur
0.9909417784471798,12,Namur
0.99128121349436,12.5,Namur
0.9916748817525083,13,Namur
0.9921228477361181,13.5,Namur
0.9926251848787626,14,Namur
0.9931911389957461,14.5,Namur
0.993981959736143,15,Namur
0.9950572117424894,15.5,Namur
0.9964178165566624,16,Namur
0.9980649412316305,16.5,Namur
1,17,Namur
1.0022246562979837,17.5,Namur
1.004740825148845,18,Namur
1.0075506759106005,18.5,Namur
1.0106566353935016,19,Namur
1.0140613913535652,19.5,Namur
1.0178667973113875,20,Namur
1.0236542668859419,20.5,Namur
1.0320080427125786,21,Namur
1.042990350562457,21.5,Namur
1.0566835020371719,22,Namur
1.0731909235315436,22.5,Namur
1.0926384590514902,23,Namur
1.1151759698771333,23.5,Namur
1.1409792595519468,24,Namur
1.170252358821687,24.5,Namur
1.203230212090622,25,Namur
1.240181814878455,25.5,Namur
1.144898800200947,-8,Neufchâteau
1.1159922882270321,-7,Neufchâteau
1.0900013215856181,-6,Neufchâteau
1.0667547692253323,-5,Neufchâteau
1.0461016799235172,-4,Neufchâteau
1.0279096508089394,-3,Neufchâteau
1.012063413697092,-2,Neufchâteau
0.9984636181202189,-1,Neufchâteau
0.9870257930677903,0,Neufchâteau
0.9776794722451136,1,Neufchâteau
0.9700067398425098,2,Neufchâteau
0.9626564210639548,3,Neufchâteau
0.9555018048113295,4,Neufchâteau
0.9485393474189336,5,Neufchâteau
0.9417656154716983,6,Neufchâteau
0.935177282996435,7,Neufchâteau
0.9287711287517927,8,Neufchâteau
0.9241866211108835,9,Neufchâteau
0.9233286684302379,10,Neufchâteau
0.9261900665212784,11,Neufchâteau
0.9328054464436618,12,Neufchâteau
0.9432551459779158,13,Neufchâteau
0.9576668378570422,14,Neufchâteau
0.9747012374199543,15,Neufchâteau
0.989016930821199,16,Neufchâteau
1,17,Neufchâteau
1.0075354567490191,18,Neufchâteau
1.0115439152939252,19,Neufchâteau
1.0122729968728637,20,Neufchâteau
1.0260752404987967,21,Neufchâteau
1.0632961863961785,22,Neufchâteau
1.1264782125727977,23,Neufchâteau
1.220070224631249,24,Neufchâteau
1.3509533497421402,25,Neufchâteau
1.52928830911421,26,Neufchâteau
1.7698313204296225,27,Neufchâteau
0.9405347393201208,-7.5,Nivelles
0.952918780753275,-7,Nivelles
0.9643391294608351,-6.5,Nivelles
0.974757419844932,-6,Nivelles
0.9841383772798113,-5.5,Nivelles
0.992450017001509,-5,Nivelles
0.9996638257421832,-4.5,Nivelles
1.005754924666031,-4,Nivelles
1.0107022123040041,-3.5,Nivelles
1.0144884863381989,-3,Nivelles
1.017100543252338,-2.5,Nivelles
1.0185292550405063,-2,Nivelles
1.018769622350468,-1.5,Nivelles
1.017820803628572,-1,Nivelles
1.015686120028469,-0.5,Nivelles
1.0123730360435692,0,Nivelles
1.0078931160213036,0.5,Nivelles
1.0022619569137126,1,Nivelles
0.9955629821910276,1.5,Nivelles
0.9890787406195265,2,Nivelles
0.9832941309573562,2.5,Nivelles
0.9781973440669464,3,Nivelles
0.9737780127179883,3.5,Nivelles
0.9700271764358237,4,Nivelles
0.96693725121598,4.5,Nivelles
0.9645020039615171,5,Nivelles
0.9627165315225374,5.5,Nivelles
0.9615772442391567,6,Nivelles
0.9610818539105872,6.5,Nivelles
0.9612293661338718,7,Nivelles
0.9620200769763467,7.5,Nivelles
0.9634555739662419,8,Nivelles
0.965239908858113,8.5,Nivelles
0.9669633619020176,9,Nivelles
0.9686230770082506,9.5,Nivelles
0.970218715622215,10,Nivelles
0.9717499518899783,10.5,Nivelles
0.9732164727691698,11,Nivelles
0.9746179781356343,11.5,Nivelles
0.9759541808857928,12,Nivelles
0.9772248070346591,12.5,Nivelles
0.9784295958094684,13,Nivelles
0.9795682997388709,13.5,Nivelles
0.9806406847376483,14,Nivelles
0.9816871398669663,14.5,Nivelles
0.9834222124048879,15,Nivelles
0.9861118076569512,15.5,Nivelles
0.9897637384422023,16,Nivelles
0.9943886356830657,16.5,Nivelles
1,17,Nivelles
1.0066142674145142,17.5,Nivelles
1.014250889608334,18,Nivelles
1.0229324292875563,18.5,Nivelles
1.0326846713064937,19,Nivelles
1.0435367503175672,19.5,Nivelles
1.055498187789378,20,Nivelles
1.068233281652365,20.5,Nivelles
1.0816365798484584,21,Nivelles
1.095729304820807,21.5,Nivelles
1.1105339411379367,22,Nivelles
1.1260742950293576,22.5,Nivelles
1.1423755578779826,23,Nivelles
1.1594643739054211,23.5,Nivelles
1.1773689123035183,24,Nivelles
1.1961189440840532,24.5,Nivelles
1.0542130305088777,-5,Oostende
1.0534383976270991,-4.5,Oostende
1.052072924148787,-4,Oostende
1.0501189092364478,-3.5,Oostende
1.0475796395654944,-3,Oostende
1.0444593801122737,-2.5,Oostende
1.0407633622172092,-2,Oostende
1.0364977689698218,-1.5,Oostende
1.0316697179727796,-1,Oostende
1.0262872415522282,-0.5,Oostende
1.0203592644914163,0,Oostende
1.0138955793740108,0.5,Oostende
1.0069068196324358,1,Oostende
0.9994415377469449,1.5,Oostende
0.9922430205918056,2,Oostende
0.9855896310971047,2.5,Oostende
0.9794710730262635,3,Oostende
0.9738779175068303,3.5,Oostende
0.9688015788155424,4,Oostende
0.9642342924128672,4.5,Oostende
0.9601690951483481,5,Oostende
0.9565998075661047,5.5,Oostende
0.9535210182475294,6,Oostende
0.950928070135635,6.5,Oostende
0.9488170487926598,7,Oostende
0.9471847725494764,7.5,Oostende
0.9460287845120898,8,Oostende
0.9453827264956159,8.5,Oostende
0.9452941974754091,9,Oostende
0.9457633381334317,9.5,Oostende
0.9467909789493786,10,Oostende
0.9483789400276764,10.5,Oostende
0.9505300364713332,11,Oostende
0.9532480867011562,11.5,Oostende
0.9565379237547701,12,Oostende
0.9604054096122462,12.5,Oostende
0.9648574526078081,13,Oostende
0.9699020280000274,13.5,Oostende
0.9755482017862744,14,Oostende
0.9817429620217731,14.5,Oostende
0.9873788402453679,15,Oostende
0.992035117002339,15.5,Oostende
0.9956976604462602,16,Oostende
0.9983553234237775,16.5,Oostende
1,17,Oostende
1.0006266666499346,17.5,Oostende
1.0002334078230168,18,Oostende
0.9988214256986638,18.5,Oostende
0.9963950340633158,19,Oostende
0.992961636352611,19.5,Oostende
0.9889227732928629,20,Oostende
0.9904826374762007,20.5,Oostende
0.999837476532251,21,Oostende
1.0172085704436034,21.5,Oostende
1.043010463561492,22,Oostende
0.8382127398384321,-7.5,Philippeville
0.8440324247638326,-7,Philippeville
0.8496699505679295,-6.5,Philippeville
0.8551211380525334,-6,Philippeville
0.8603819275252788,-5.5,Philippeville
0.8654483838321277,-5,Philippeville
0.8703167012579324,-4.5,Philippeville
0.8749832082865233,-4,Philippeville
0.8794443722119953,-3.5,Philippeville
0.8836968035930901,-3,Philippeville
0.8877372605428164,-2.5,Philippeville
0.8915626528457143,-2,Philippeville
0.8951700458954428,-1.5,Philippeville
0.8985566644456734,-1,Philippeville
0.9017198961675752,-0.5,Philippeville
0.9046572950075137,0,Philippeville
0.9073665843389191,0.5,Philippeville
0.9098456599026404,1,Philippeville
0.9120882759937539,1.5,Philippeville
0.9140066760435094,2,Philippeville
0.9155652377075575,2.5,Philippeville
0.916762107987561,3,Philippeville
0.917595862474738,3.5,Philippeville
0.9180655081748278,4,Philippeville
0.9181704854789084,4.5,Philippeville
0.9179106692745918,5,Philippeville
0.9172863691945058,5.5,Philippeville
0.9162983290013752,6,Philippeville
0.9149477251114089,6.5,Philippeville
0.9132361642600965,7,Philippeville
0.9111656803169006,7.5,Philippeville
0.908738730257681,8,Philippeville
0.9065093362532319,8.5,Philippeville
0.9052327426334129,9,Philippeville
0.9049095572404849,9.5,Philippeville
0.9055387593664644,10,Philippeville
0.9071223364279846,10.5,Philippeville
0.9096652944324889,11,Philippeville
0.9131756843624896,11.5,Philippeville
0.9176646446726395,12,Philippeville
0.9231464602137763,12.5,Philippeville
0.929638638020494,13,Philippeville
0.9371620005253474,13.5,Philippeville
0.9457407968947373,14,Philippeville
0.9553453747609777,14.5,Philippeville
0.9649849226992147,15,Philippeville
0.974281707332578,15.5,Philippeville
0.9832239921392063,16,Philippeville
0.9918004125549231,16.5,Philippeville
1,17,Philippeville
1.0078122052232918,17.5,Philippeville
1.0152269208943034,18,Philippeville
1.0222345033755385,18.5,Philippeville
1.028825793609544,19,Philippeville
1.0349921370573674,19.5,Philippeville
1.041015904151722,20,Philippeville
1.0515403737324773,20.5,Philippeville
1.06833763017871,21,Philippeville
1.091704463809986,21.5,Philippeville
1.12205884259173,22,Philippeville
1.159952393908681,22.5,Philippeville
1.2060871344403898,23,Philippeville
1.261337159441408,23.5,Philippeville
1.326776230231618,24,Philippeville
1.4037124784914345,24.5,Philippeville
1.4937317949444002,25,Philippeville
1.5987519099108418,25.5,Philippeville
1.7210897321831518,26,Philippeville
1.1063255701989445,-5,Roeselare
1.1062626286626083,-4.5,Roeselare
1.1051884484052654,-4,Roeselare
1.1031059743284333,-3.5,Roeselare
1.1000209101678395,-3,Roeselare
1.0959416924645438,-2.5,Roeselare
1.090879452125237,-2,Roeselare
1.0848479638168458,-1.5,Roeselare
1.0778635835174415,-1,Roeselare
1.069945174619692,-0.5,Roeselare
1.0611140230541019,0,Roeselare
1.051393741966503,0.5,Roeselare
1.040810166547134,1,Roeselare
1.029460085129534,1.5,Roeselare
1.0187241821970279,2,Roeselare
1.0091082475925257,2.5,Roeselare
1.0005825703842266,3,Roeselare
0.9931209615335266,3.5,Roeselare
0.9867006198003551,4,Roeselare
0.9813020155924068,4.5,Roeselare
0.9769087919297558,5,Roeselare
0.9735076818215631,5.5,Roeselare
0.9710884414704166,6,Roeselare
0.9696437988333334,6.5,Roeselare
0.9691694171776878,7,Roeselare
0.9696638733762837,7.5,Roeselare
0.9711286507894349,8,Roeselare
0.9731026913498168,8.5,Roeselare
0.9749478232737063,9,Roeselare
0.9766593757538203,9.5,Roeselare
0.9782366334863768,10,Roeselare
0.9796789365476247,10.5,Roeselare
0.9809856808540016,11,Roeselare
0.9821563185837928,11.5,Roeselare
0.9831903585598799,12,Roeselare
0.9840873665932033,12.5,Roeselare
0.9848469657866047,13,Roeselare
0.9854688367987501,13.5,Roeselare
0.9859527180678747,14,Roeselare
0.986338405142876,14.5,Roeselare
0.987329140122707,15,Roeselare
0.9891846452480015,15.5,Roeselare
0.9919097921016975,16,Roeselare
0.9955117465188013,16.5,Roeselare
1,17,Roeselare
1.0053864114084985,17.5,Roeselare
1.0116852592066017,18,Roeselare
1.0189133045542642,18.5,Roeselare
1.027089865660077,19,Roeselare
1.0362369038465344,19.5,Roeselare
1.0464309534243785,20,Roeselare
1.0585328260097306,20.5,Roeselare
1.0728980655447053,21,Roeselare
1.089614748796482,21.5,Roeselare
1.108786330166624,22,Roeselare
1.1305327088632295,22.5,Roeselare
1.1549914783301478,23,Roeselare
1.1823193761572934,23.5,Roeselare
1.2126939558484926,24,Roeselare
1.2463155053806763,24.5,Roeselare
1.176419445220053,-6,Sint-Niklaas
1.1632725055675093,-5.5,Sint-Niklaas
1.1509792031461292,-5,Sint-Niklaas
1.1395154909065321,-4.5,Sint-Niklaas
1.1288590899450277,-4,Sint-Niklaas
1.1189894174024817,-3.5,Sint-Niklaas
1.1098875202458456,-3,Sint-Niklaas
1.1015360146342685,-2.5,Sint-Niklaas
1.093919030598337,-2,Sint-Niklaas
1.0870221617860352,-1.5,Sint-Niklaas
1.0808324200526682,-1,Sint-Niklaas
1.0753381946943692,-0.5,Sint-Niklaas
1.0705292161460411,0,Sint-Niklaas
1.0663965239848212,0.5,Sint-Niklaas
1.0629324390994779,1,Sint-Niklaas
1.060101898636948,1.5,Sint-Niklaas
1.0573319854836034,2,Sint-Niklaas
1.0544016376549292,2.5,Sint-Niklaas
1.0513122303232258,3,Sint-Niklaas
1.048065210500892,3.5,Sint-Niklaas
1.0446620959110529,4,Sint-Niklaas
1.0411044738054618,4.5,Sint-Niklaas
1.0373939997309636,5,Sint-Niklaas
1.0335323962458627,5.5,Sint-Niklaas
1.0295214515875857,6,Sint-Niklaas
1.0253630182930844,6.5,Sint-Niklaas
1.0210590117734664,7,Sint-Niklaas
1.0166114088443878,7.5,Sint-Niklaas
1.0120222462137884,8,Sint-Niklaas
1.0075498491697463,8.5,Sint-Niklaas
1.0035437471969728,9,Sint-Niklaas
1.0000006630081182,9.5,Sint-Niklaas
0.9969157979161569,10,Sint-Niklaas
0.9942849829828558,10.5,Sint-Niklaas
0.9921046696275978,11,Sint-Niklaas
0.9903719216487535,11.5,Sint-Niklaas
0.9890844086324839,12,Sint-Niklaas
0.9882404007282554,12.5,Sint-Niklaas
0.9878387647746683,13,Sint-Niklaas
0.9878789617634499,13.5,Sint-Niklaas
0.9883610456336639,14,Sint-Niklaas
0.9892839307903731,14.5,Sint-Niklaas
0.9906183637932308,15,Sint-Niklaas
0.9923548325551367,15.5,Sint-Niklaas
0.9944954443058842,16,Sint-Niklaas
0.9970428000830163,16.5,Sint-Niklaas
1,17,Sint-Niklaas
1.00337064953503,17.5,Sint-Niklaas
1.0071588668583227,18,Sint-Niklaas
1.0113692912187522,18.5,Sint-Niklaas
1.0160070924137385,19,Sint-Niklaas
1.021077981369458,19.5,Sint-Niklaas
1.026631824190455,20,Sint-Niklaas
1.0333723531716335,20.5,Sint-Niklaas
1.0415654488251225,21,Sint-Niklaas
1.0512449017036218,21.5,Sint-Niklaas
1.062450857380577,22,Sint-Niklaas
1.075230094037197,22.5,Sint-Niklaas
1.0896363479702582,23,Sint-Niklaas
1.105730690192364,23.5,Sint-Niklaas
1.123581957819783,24,Sint-Niklaas
1.1432672445130996,24.5,Sint-Niklaas
1.1648724548602127,25,Sint-Niklaas
1.1918311116144953,-6,Soignies
1.1772519008429427,-5.5,Soignies
1.163305262114387,-5,Soignies
1.1499728704214918,-4.5,Soignies
1.1372373299613108,-4,Soignies
1.1250821364574974,-3.5,Soignies
1.113491641638812,-3,Soignies
1.1024510197672284,-2.5,Soignies
1.0919462361156813,-2,Soignies
1.0819640173018588,-1.5,Soignies
1.0724918233904226,-1,Soignies
1.063517821681727,-0.5,Soignies
1.0550308621104416,0,Soignies
1.0470204541825705,0.5,Soignies
1.0394767453841485,1,Soignies
1.0324112413104825,1.5,Soignies
1.0262245781362398,2,Soignies
1.021060330693293,2.5,Soignies
1.016903402183832,3,Soignies
1.0137416771915404,3.5,Soignies
1.0115659628124387,4,Soignies
1.0103699440924974,4.5,Soignies
1.0101501534695012,5,Soignies
1.010905954012079,5.5,Soignies
1.0126395363424416,6,Soignies
1.0153559292220025,6.5,Soignies
1.0190630238715195,7,Soignies
1.0237716121904779,7.5,Soignies
1.0294954391349405,8,Soignies
1.035343692561511,8.5,Soignies
1.0400643215097882,9,Soignies
1.0436339539802046,9.5,Soignies
1.046040613913482,10,Soignies
1.0472762115382472,10.5,Soignies
1.0473365886757957,11,Soignies
1.0462215420540224,11.5,Soignies
1.0439348244475921,12,Soignies
1.040484123635394,12.5,Soignies
1.0358810193404104,13,Soignies
1.030140918489524,13.5,Soignies
1.0232829692998118,14,Soignies
1.015448236630945,14.5,Soignies
1.0087226568459275,15,Soignies
1.0038365155700562,15.5,Soignies
1.000763440694655,16,Soignies
0.9994868894705555,16.5,Soignies
1,17,Soignies
1.0023055297248635,17.5,Soignies
1.0064158801387626,18,Soignies
1.0123532080332915,18.5,Soignies
1.020149624676314,19,Soignies
1.0298474854305166,19.5,Soignies
1.0414152821837661,20,Soignies
1.0535567748651469,20.5,Soignies
1.065813937501015,21,Soignies
1.0781875170229294,21.5,Soignies
1.0906782605125223,22,Soignies
1.1032869151302511,22.5,Soignies
1.116014228043315,23,Soignies
1.128860946352736,23.5,Soignies
1.1418278170196061,24,Soignies
1.1549155867905025,24.5,Soignies
1.1681250021220697,25,Soignies
0.9287092087549961,-7.5,Thuin
0.9439060638012076,-7,Thuin
0.9580070032980954,-6.5,Thuin
0.9709558336040347,-6,Thuin
0.9827004399139951,-5.5,Thuin
0.993193135398948,-5,Thuin
1.0023909836034306,-4.5,Thuin
1.0102560910527505,-4,Thuin
1.016755867280249,-3.5,Thuin
1.0218632497781497,-3,Thuin
1.025556891699415,-2.5,Thuin
1.0278213104889071,-2,Thuin
1.0286469959957205,-1.5,Thuin
1.0280304770102833,-1,Thuin
1.0259743455747987,-0.5,Thuin
1.0224872388287785,0,Thuin
1.0175837785675963,0.5,Thuin
1.0112844691059355,1,Thuin
1.0036962608334061,1.5,Thuin
0.9964400558894783,2,Thuin
0.9901258351808017,2.5,Thuin
0.9847363099901129,3,Thuin
0.9802567807575961,3.5,Thuin
0.976675070243766,4,Thuin
0.9739814683426873,4.5,Thuin
0.9721686881952941,5,Thuin
0.9712318333250263,5.5,Thuin
0.9711683755882146,6,Thuin
0.9719781438001627,6.5,Thuin
0.9736633229652646,7,Thuin
0.9762284641063105,7.5,Thuin
0.9796805047549025,8,Thuin
0.9834561489354658,8.5,Thuin
0.9867689119254437,9,Thuin
0.9896091864536024,9.5,Thuin
0.9919728336609557,10,Thuin
0.9938564031600918,10.5,Thuin
0.9952571414283963,11,Thuin
0.9961729985157388,11.5,Thuin
0.9966026330437527,12,Thuin
0.9965454154796406,12.5,Thuin
0.9960014296733216,13,Thuin
0.994971472652668,13.5,Thuin
0.9934570526775286,14,Thuin
0.9915341740987472,14.5,Thuin
0.9904997216078939,15,Thuin
0.9908249280853451,15.5,Thuin
0.9925111331335241,16,Thuin
0.9955652873299814,16.5,Thuin
1,17,Thuin
1.0058336260205984,17.5,Thuin
1.0130903924929102,18,Thuin
1.021800566507373,18.5,Thuin
1.0320006656288516,19,Thuin
1.0437337131517883,19.5,Thuin
1.0570248361020906,20,Thuin
1.0715325573369283,20.5,Thuin
1.0871625982514381,21,Thuin
1.1039580915727478,21.5,Thuin
1.1219658119665616,22,Thuin
1.1412363925929387,22.5,Thuin
1.1618245616348035,23,Thuin
1.1837894003416989,23.5,Thuin
1.2071946242862872,24,Thuin
1.232108889700416,24.5,Thuin
1.2586061269427347,25,Thuin
1.2867659033526375,25.5,Thuin
1.3408875753282339,-5,Tielt
1.2680242507242752,-4.5,Tielt
1.2048061305062931,-4,Tielt
1.1501677722762613,-3.5,Tielt
1.1032136755354933,-3,Tielt
1.0631939472349312,-2.5,Tielt
1.0294844016370748,-2,Tielt
1.0015703570132983,-1.5,Tielt
0.9790335409544472,-1,Tielt
0.9615416378954774,-0.5,Tielt
0.9488401129181538,0,Tielt
0.9407460298753674,0.5,Tielt
0.9371436533441428,1,Tielt
0.9378423834148752,1.5,Tielt
0.9400726942523489,2,Tielt
0.942760551123453,2.5,Tielt
0.9459098458991428,3,Tielt
0.9495251479455964,3.5,Tielt
0.9536117151753587,4,Tielt
0.9581755067936254,4.5,Tielt
0.9632231977829375,5,Tielt
0.968762195175578,5.5,Tielt
0.9748006561692131,6,Tielt
0.9813475081478058,6.5,Tielt
0.9884124706765978,7,Tielt
0.9960060795470147,7.5,Tielt
1.00413971295476,8,Tielt
1.0121523041862344,8.5,Tielt
1.0191076275923954,9,Tielt
1.0249773527178918,9.5,Tielt
1.0297422226827722,10,Tielt
1.0333865507125934,10.5,Tielt
1.0358983061780846,11,Tielt
1.037269180762869,11.5,Tielt
1.0374946342499418,12,Tielt
1.0365739195737835,12.5,Tielt
1.0345100869446502,13,Tielt
1.0313099670131773,13.5,Tielt
1.0269841332053398,14,Tielt
1.0216106819955457,14.5,Tielt
1.0163216859416198,15,Tielt
1.0115224675618402,15.5,Tielt
1.00720633469205,16,Tielt
1.003367286584127,16.5,Tielt
1,17,Tielt
0.9970998169082622,17.5,Tielt
0.9946627337435698,18,Tielt
0.9926853921941463,18.5,Tielt
0.9911650714877112,19,Tielt
0.9900996821510233,19.5,Tielt
0.989773034871228,20,Tielt
0.9947235959063155,20.5,Tielt
1.006623137972164,21,Tielt
1.0257206150587859,21.5,Tielt
1.0524196445272065,22,Tielt
1.0872927560196723,22.5,Tielt
1.131101894342205,23,Tielt
1.1848262063063872,23.5,Tielt
1.24969853234691,24,Tielt
1.3272525081136952,24.5,Tielt
0.9343334604993577,-8,Tongres
0.9476701483100589,-7.5,Tongres
0.9600110714988417,-7,Tongres
0.9713126067294263,-6.5,Tongres
0.9815344612893069,-6,Tongres
0.9906399122762095,-5.5,Tongres
0.9985960263124731,-5,Tongres
1.0053738579484126,-4.5,Tongres
1.010948625082353,-4,Tongres
1.0152998599097733,-3.5,Tongres
1.0184115341149447,-3,Tongres
1.0202721572335025,-2.5,Tongres
1.02087484734122,-2,Tongres
1.0202173734604127,-1.5,Tongres
1.018302169318293,-1,Tongres
1.015136318338535,-0.5,Tongres
1.0107315099955763,0,Tongres
1.005103967908004,0.5,Tongres
0.9982743502900215,1,Tongres
0.9903317437784728,1.5,Tongres
0.9825671443196488,2,Tongres
0.9754663356184045,2.5,Tongres
0.9690157692138988,3,Tongres
0.9632031927400945,3.5,Tongres
0.958017611138507,4,Tongres
0.9534492519922871,4.5,Tongres
0.9494895348286106,5,Tongres
0.9461310442543598,5.5,Tongres
0.9433675068073275,6,Tongres
0.9411937714217545,6.5,Tongres
0.9396057934230286,7,Tongres
0.9386006219819067,7.5,Tongres
0.9381763909737673,8,Tongres
0.9382805168459284,8.5,Tongres
0.9388419127259016,9,Tongres
0.9398609637164881,9.5,Tongres
0.9413391592966645,10,Tongres
0.9432786619585204,10.5,Tongres
0.9456823124807225,11,Tongres
0.9485536368644075,11.5,Tongres
0.951896854955216,12,Tongres
0.9557168907809873,12.5,Tongres
0.9600193846405775,13,Tongres
0.9648107069853545,13.5,Tongres
0.9700979741412079,14,Tongres
0.9758536731047402,14.5,Tongres
0.9814600807762701,15,Tongres
0.9866841220033259,15.5,Tongres
0.9915193617395517,16,Tongres
0.9959598231658395,16.5,Tongres
1,17,Tongres
1.0036348678738927,17.5,Tongres
1.0068598947451137,18,Tongres
1.009671050313042,18.5,Tongres
1.0120648144118563,19,Tongres
1.0140381843560653,19.5,Tongres
1.0157245908260701,20,Tongres
1.0192844050426433,20.5,Tongres
1.0254907071430972,21,Tongres
1.0343916729389393,21.5,Tongres
1.0460567329757733,22,Tongres
1.060577475918515,22.5,Tongres
1.0780688479928688,23,Tongres
1.0986706704909948,23.5,Tongres
1.1225495034071737,24,Tongres
1.1499008899949847,24.5,Tongres
1.1809520245986638,25,Tongres
1.2159648947001653,25.5,Tongres
1.1948751758327003,-5.5,Tournai et Mouscron
1.1791093070769738,-5,Tournai et Mouscron
1.164472685683543,-4.5,Tournai et Mouscron
1.1509282612042944,-4,Tournai et Mouscron
1.1384420074446535,-3.5,Tournai et Mouscron
1.1269827801261878,-3,Tournai et Mouscron
1.1165221874976732,-2.5,Tournai et Mouscron
1.1070344731425072,-2,Tournai et Mouscron
1.0984964103054897,-1.5,Tournai et Mouscron
1.0908872071321236,-1,Tournai et Mouscron
1.0841884222792249,-0.5,Tournai et Mouscron
1.0783838904173015,0,Tournai et Mouscron
1.0734596572033253,0.5,Tournai et Mouscron
1.0694039233576225,1,Tournai et Mouscron
1.066184029799761,1.5,Tournai et Mouscron
1.0633371448226356,2,Tournai et Mouscron
1.0606833713683173,2.5,Tournai et Mouscron
1.0582213002122984,3,Tournai et Mouscron
1.05594962600636,3.5,Tournai et Mouscron
1.0538671461250955,4,Tournai et Mouscron
1.0519727596047623,4.5,Tournai et Mouscron
1.0502654661731539,5,Tournai et Mouscron
1.0487443653692878,5.5,Tournai et Mouscron
1.0474086557518327,6,Tournai et Mouscron
1.0462576341952963,6.5,Tournai et Mouscron
1.0452906952731083,7,Tournai et Mouscron
1.0445073307268438,7.5,Tournai et Mouscron
1.0439071290209316,8,Tournai et Mouscron
1.043282726061717,8.5,Tournai et Mouscron
1.0423497195593803,9,Tournai et Mouscron
1.0411072029505246,9.5,Tournai et Mouscron
1.0395562852852571,10,Tournai et Mouscron
1.037698349647366,10.5,Tournai et Mouscron
1.0355350510988421,11,Tournai et Mouscron
1.0330683142229014,11.5,Tournai et Mouscron
1.0303003302706102,12,Tournai et Mouscron
1.027233553917041,12.5,Tournai et Mouscron
1.023870699633674,13,Tournai et Mouscron
1.0202147376845558,13.5,Tournai et Mouscron
1.016268889754477,14,Tournai et Mouscron
1.0120754139195645,14.5,Tournai et Mouscron
1.0083163928877403,15,Tournai et Mouscron
1.005234804644191,15.5,Tournai et Mouscron
1.0028245145756909,16,Tournai et Mouscron
1.001080733139986,16.5,Tournai et Mouscron
1,17,Tournai et Mouscron
0.9995801725769067,17.5,Tournai et Mouscron
0.9998204189690514,18,Tournai et Mouscron
1.0007212152039455,18.5,Tournai et Mouscron
1.0022843468106253,19,Tournai et Mouscron
1.004512914719646,19.5,Tournai et Mouscron
1.0075216327162062,20,Tournai et Mouscron
1.0130755634331132,20.5,Tournai et Mouscron
1.0218308696882854,21,Tournai et Mouscron
1.0338699591408445,21.5,Tournai et Mouscron
1.0493069100330326,22,Tournai et Mouscron
1.068289274544404,22.5,Tournai et Mouscron
1.0910004313856718,23,Tournai et Mouscron
1.1176625401912237,23.5,Tournai et Mouscron
1.1485401643901034,24,Tournai et Mouscron
1.1839446452922484,24.5,Tournai et Mouscron
1.2242393286139204,25,Tournai et Mouscron
1.1054320871174366,-6.999999999999999,Turnhout
1.0990652737491728,-6.499999999999998,Turnhout
1.0929879135175347,-5.999999999999997,Turnhout
1.087195601886264,-5.4999999999999964,Turnhout
1.0816841554581595,-4.999999999999996,Turnhout
1.0764496069421088,-4.499999999999995,Turnhout
1.0714882003955517,-3.999999999999994,Turnhout
1.0667963867343904,-3.499999999999993,Turnhout
1.0623708195028347,-2.999999999999992,Turnhout
1.0582083508961246,-2.499999999999991,Turnhout
1.054306028029515,-1.9999999999999902,Turnhout
1.0506610894473298,-1.4999999999999893,Turnhout
1.0472709618663132,-0.9999999999999885,Turnhout
1.0441332571478954,-0.49999999999998757,Turnhout
1.0412457694943886,1.3322676295501878e-14,Turnhout
1.0386064728645068,0.5000000000000142,Turnhout
1.036213518603966,1.0000000000000142,Turnhout
1.034055109781519,1.500000000000016,Turnhout
1.0319289905794582,2.0000000000000178,Turnhout
1.029756906942731,2.5000000000000178,Turnhout
1.0275391677358865,3.0000000000000178,Turnhout
1.025276087853466,3.5000000000000195,Turnhout
1.0229679881455158,4.000000000000021,Turnhout
1.0206151953418108,4.500000000000021,Turnhout
1.0182180419748086,5.000000000000021,Turnhout
1.0157768663013647,5.500000000000023,Turnhout
1.0132920122232314,6.000000000000025,Turnhout
1.0107638292063676,6.500000000000025,Turnhout
1.0081926721990855,7.000000000000025,Turnhout
1.0055789015490622,7.500000000000027,Turnhout
1.002922882919241,8.000000000000028,Turnhout
1.000347014070477,8.500000000000028,Turnhout
0.9980181042131234,9.000000000000028,Turnhout
0.9959354782192525,9.500000000000028,Turnhout
0.9940976156157575,10.000000000000032,Turnhout
0.9925031763752601,10.500000000000032,Turnhout
0.9911509992875868,11.000000000000032,Turnhout
0.9900401005501696,11.500000000000036,Turnhout
0.9891696725749787,12.000000000000036,Turnhout
0.9885390830099602,12.500000000000036,Turnhout
0.988147873973318,13.000000000000036,Turnhout
0.9879957614993434,13.500000000000036,Turnhout
0.9880826351948517,14.000000000000039,Turnhout
0.9884266388309777,14.500000000000039,Turnhout
0.9893460131353706,15.000000000000039,Turnhout
0.9909589105327224,15.500000000000043,Turnhout
0.9932687198571452,16.000000000000043,Turnhout
0.9962803006093405,16.500000000000043,Turnhout
1.0000000000000004,17.000000000000043,Turnhout
1.0044356752505061,17.500000000000043,Turnhout
1.0095967212606427,18.000000000000046,Turnhout
1.0154941037797545,18.500000000000046,Turnhout
1.0221403982453459,19.000000000000046,Turnhout
1.0295498344817409,19.50000000000005,Turnhout
1.0377696957639844,20.00000000000005,Turnhout
1.0473203484337577,20.50000000000005,Turnhout
1.058412834272157,21.00000000000005,Turnhout
1.0710941622475865,21.50000000000005,Turnhout
1.0854184665288424,22.000000000000053,Turnhout
1.101447391644351,22.500000000000053,Turnhout
1.1192505345394397,23.000000000000053,Turnhout
1.1389059479689299,23.500000000000057,Turnhout
1.1605007103201925,24.000000000000057,Turnhout
1.1841315676859372,24.500000000000057,Turnhout
1.2099056548064828,25.000000000000053,Turnhout
1.123554328800017,-9,Verviers
1.1059122332738625,-8,Verviers
1.090467704708695,-7,Verviers
1.077135935395009,-6,Verviers
1.065844339740365,-5,Verviers
1.0565318954147378,-4,Verviers
1.0491485934830918,-3,Verviers
1.0436549905854333,-2,Verviers
1.0400218575472557,-1,Verviers
1.0382299200353202,0,Verviers
1.0382696880353555,1,Verviers
1.0396380337694604,2,Verviers
1.0404923291116484,3,Verviers
1.0406607679579574,4,Verviers
1.0401430171584778,5,Verviers
1.0389401006416925,6,Verviers
1.0370543960402674,7,Verviers
1.0344896268602324,8,Verviers
1.0312761932192096,9,Verviers
1.0274499057168713,10,Verviers
1.023017714004036,11,Verviers
1.0179875901132296,12,Verviers
1.012368553372852,13,Verviers
1.006170643460818,14,Verviers
1.0003427578433786,15,Verviers
0.998196047520536,16,Verviers
1,17,Verviers
1.0057760612826059,18,Verviers
1.0155930726032163,19,Verviers
1.0294941436061624,20,Verviers
1.0434005281025753,21,Verviers
1.05483577672936,22,Verviers
1.0637149857421406,23,Verviers
1.0699717993614155,24,Verviers
1.0735592355365835,25,Verviers
1.0222205367951314,-4,Veurne
1.0532307302617636,-3.5,Veurne
1.0804646203743486,-3,Veurne
1.1035847417031752,-2.5,Veurne
1.1222999204806963,-2,Veurne
1.1363713747069994,-1.5,Veurne
1.145617783560314,-1,Veurne
1.1499191756807619,-0.5,Veurne
1.1492195197673993,0,Veurne
1.1435279392862059,0.5,Veurne
1.1329185144750678,1,Veurne
1.1177153843390173,1.5,Veurne
1.1017585535807974,2,Veurne
1.0864909775112206,2.5,Veurne
1.0718902204215297,3,Veurne
1.057934997040502,3.5,Veurne
1.0446051211358527,4,Veurne
1.031881457115524,4.5,Veurne
1.0197458744671835,5,Veurne
1.0081812048847154,5.5,Veurne
0.9971712019403098,6,Veurne
0.9867005031699743,6.5,Veurne
0.9767545944489592,7,Veurne
0.9673197765417394,7.5,Veurne
0.9583831337188621,8,Veurne
0.950420320036873,8.5,Veurne
0.9440745570666034,9,Veurne
0.9393182848022806,9.5,Veurne
0.9361278412220151,10,Veurne
0.9344873986892742,10.5,Veurne
0.9343888330141329,11,Veurne
0.9358316563588054,11.5,Veurne
0.9388230132112845,12,Veurne
0.9433777393805386,12.5,Veurne
0.9495184846956485,13,Veurne
0.9572759008303598,13.5,Veurne
0.9666888964347936,14,Veurne
0.9776383626299792,14.5,Veurne
0.9872138360420611,15,Veurne
0.9942827600582992,15.5,Veurne
0.9987901764465731,16,Veurne
1.000700904844721,16.5,Veurne
1,17,Veurne
0.9966929464299648,17.5,Veurne
0.990805586958225,18,Veurne
0.9823837864276179,18.5,Veurne
0.9714928367119086,19,Veurne
0.958216613822582,19.5,Veurne
0.9434432372820919,20,Veurne
0.9396030075367239,20.5,Veurne
0.950910086952205,21,Veurne
0.9779146311784126,21.5,Veurne
1.0219481625689268,22,Veurne
1.0852335810968523,22.5,Veurne
1.5739891988502914,-7.5,Virton
1.4972091700073313,-7,Virton
1.4280373580704255,-6.5,Virton
1.365755692612838,-6,Virton
1.3097331798387584,-5.5,Virton
1.259415401624809,-5,Virton
1.2143154769142626,-4.5,Virton
1.1740062811187748,-4,Virton
1.1381137507659245,-3.5,Virton
1.106311127313559,-3,Virton
1.0783140166571623,-2.5,Virton
1.0538761600689828,-2,Virton
1.0327858286986995,-1.5,Virton
1.014862767813067,-1,Virton
0.9999556290581153,-0.5,Virton
0.9879398395315494,0,Virton
0.9787158656436807,0.5,Virton
0.9722078378700063,1,Virton
0.9682738062011006,1.5,Virton
0.9651239890512872,2,Virton
0.9620680948520353,2.5,Virton
0.9591052954314382,3,Virton
0.9562347894592793,3.5,Virton
0.9534558020859831,4,Virton
0.9507675845941602,4.5,Virton
0.9481694140625306,5,Virton
0.9456605930420113,5.5,Virton
0.9432404492437682,6,Virton
0.9409083352390328,6.5,Virton
0.9386636281705013,7,Virton
0.9365057294751308,7.5,Virton
0.934434064618164,8,Virton
0.9327150475424186,8.5,Virton
0.9317134070860112,9,Virton
0.9314290764115031,9.5,Virton
0.9318613990686585,10,Virton
0.9330113732379962,10.5,Virton
0.9348816555729045,11,Virton
0.9374765714312001,11.5,Virton
0.940802131551315,12,Virton
0.9448660552631416,12.5,Virton
0.9496778003590539,13,Virton
0.9552485997869686,13.5,Virton
0.9615915053647935,14,Virton
0.9686750773117551,14.5,Virton
0.975694114745864,15,Virton
0.9823441256547107,15.5,Virton
0.9886168930662993,16,Virton
0.9945046308870005,16.5,Virton
1,17,Virton
1.0050961235054352,17.5,Virton
1.0097866010579375,18,Virton
1.014065522259746,18.5,Virton
1.01792747907017,19,Virton
1.0213675771949302,19.5,Virton
1.024765085109355,20,Virton
1.0342457476356097,20.5,Virton
1.0521398476228905,21,Virton
1.0788808761468491,21.5,Virton
1.1151256929218305,22,Virton
1.1617814840033496,22.5,Virton
1.220043681392413,23,Virton
1.2914470680721652,23.5,Virton
1.3779331308030607,24,Virton
1.4819377980364346,24.5,Virton
1.606505102138007,25,Virton
1.7554341558619027,25.5,Virton
1.933469299218868,26,Virton
2.146546583541377,26.5,Virton
2.402114231654151,27,Virton
0.9903220757526813,-8,Waremme
0.9884621978827242,-7.5,Waremme
0.986225282721727,-7,Waremme
0.9836139071021606,-6.5,Waremme
0.9806310742678492,-6,Waremme
0.9772802081182659,-5.5,Waremme
0.9735651466592262,-5,Waremme
0.9694901346775194,-4.5,Waremme
0.9650598156590476,-4,Waremme
0.9602792229720094,-3.5,Waremme
0.9551537703385625,-3,Waremme
0.9496892416202093,-2.5,Waremme
0.9438917799438787,-2,Waremme
0.9377678761973166,-1.5,Waremme
0.9313243569239296,-1,Waremme
0.9245683716486737,-0.5,Waremme
0.9175073796679032,0,Waremme
0.9101491363373232,0.5,Waremme
0.9025016788932947,1,Waremme
0.8946180521151823,1.5,Waremme
0.8873872090488406,2,Waremme
0.8811355797501252,2.5,Waremme
0.8758432324125385,3,Waremme
0.8714933661988293,3.5,Waremme
0.8680722223223861,4,Waremme
0.8655690114909542,4.5,Waremme
0.8639758571768305,5,Waremme
0.863287754295798,5.5,Waremme
0.8635025429912087,6,Waremme
0.8646208973309071,6.5,Waremme
0.8666463288341532,7,Waremme
0.8695852048543888,7.5,Waremme
0.8734467819526224,8,Waremme
0.8779825372849864,8.5,Waremme
0.8828422952780766,9,Waremme
0.8880289527901817,9.5,Waremme
0.8935479462074692,10,Waremme
0.8994050827381002,10.5,Waremme
0.9056065505921154,11,Waremme
0.9121589298722553,11.5,Waremme
0.9190692042025306,12,Waremme
0.9263447731232975,12.5,Waremme
0.9339934652836139,13,Waremme
0.9420235524637702,13.5,Waremme
0.9504437644631225,14,Waremme
0.9592367406894357,14.5,Waremme
0.9679402659589285,15,Waremme
0.9763765769209788,15.5,Waremme
0.9845373382972344,16,Waremme
0.9924144378910932,16.5,Waremme
1,17,Waremme
1.0072863985166767,17.5,Waremme
1.0142662696888263,18,Waremme
1.0209325245074723,18.5,Waremme
1.02727836069479,19,Waremme
1.033297274263078,19.5,Waremme
1.0390418151148815,20,Waremme
1.045444443861265,20.5,Waremme
1.0528437976517582,21,Waremme
1.0612604462755935,21.5,Waremme
1.0707179026083744,22,Waremme
1.0812427320999745,22.5,Waremme
1.0928646771422126,23,Waremme
1.1056167971314301,23.5,Waremme
1.1195356251492734,24,Waremme
1.1346613423009537,24.5,Waremme
1.151037970875117,25,Waremme
1.1687135876242845,25.5,Waremme
0.8524824580501901,-4.5,Ypres
0.8912902120305082,-4,Ypres
0.9274333627290033,-3.5,Ypres
0.9604531468322609,-3,Ypres
0.9899187362521826,-2.5,Ypres
1.0154365607893232,-2,Ypres
1.0366590404689033,-1.5,Ypres
1.053292457243,-1,Ypres
1.0651037170900326,-0.5,Ypres
1.0719257849793038,0,Ypres
1.0736616155848306,0.5,Ypres
1.0702864504576446,1,Ypres
1.0620517451449627,1.5,Ypres
1.0530697858678004,2,Ypres
1.0449088975456182,2.5,Ypres
1.0375511152020327,3,Ypres
1.0309803197568597,3.5,Ypres
1.0251821791691862,4,Ypres
1.0201440963307968,4.5,Ypres
1.0158551634447062,5,Ypres
1.012306122657452,5.5,Ypres
1.00948933274619,6,Ypres
1.0073987416927423,6.5,Ypres
1.0060298650067485,7,Ypres
1.0053797696891995,7.5,Ypres
1.0054470637560522,8,Ypres
1.0058752958753874,8.5,Ypres
1.0061744338316347,9,Ypres
1.0063413663549794,9.5,Ypres
1.0063760276234428,10,Ypres
1.0062784039690733,10.5,Ypres
1.0060485338869294,11,Ypres
1.0056865080097803,11.5,Ypres
1.0051924690485523,12,Ypres
1.0045666116985708,12.5,Ypres
1.0038091825116877,13,Ypres
1.0029204797344093,13.5,Ypres
1.0019008531121756,14,Ypres
1.0007706809176435,14.5,Ypres
0.9998810213897975,15,Ypres
0.9993594962197389,15.5,Ypres
0.9992055299490255,16,Ypres
0.9994189527273074,16.5,Ypres
1,17,Ypres
1.000949312941238,17.5,Ypres
1.0022679396332241,18,Ypres
1.0039573369950128,18.5,Ypres
1.0060193734656935,19,Ypres
1.0084563324488989,19.5,Ypres
1.0111754191146032,20,Ypres
1.0126603827777023,20.5,Ypres
1.0123805388715281,21,Ypres
1.0103373501232047,21.5,Ypres
1.0065414879877008,22,Ypres
1.0010127398077895,22.5,Ypres
0.9937798369993242,23,Ypres
0.9848802063492483,23.5,Ypres
0.9743596474384588,24,Ypres
